branch,gender,college_type,study_mode,cgpa,dsa_problems_solved,mock_test_score,projects_count,resume_score,study_hours_per_day,attendance_percentage,sleep_hours,stress_level,internship,core_subjects_confidence,core_subjects_covered_count,placement_status
EEE,Female,Tier1,Coaching,5.63,380,70,3,59,1.9,56,7.6,3,0,3,3,Needs Improvement
MECH,Female,Tier1,Mixed,5.72,290,61,1,96,8.9,65,4.0,2,0,1,4,Needs Improvement
ECE,Female,Tier2,Self,6.11,579,44,3,89,5.7,68,7.0,1,0,4,0,Placement Ready
MECH,Female,Tier3,Coaching,6.42,532,91,4,80,8.4,88,8.2,9,0,3,3,Placement Ready
MECH,Female,Tier1,Mixed,8.36,236,56,5,58,8.7,55,5.8,4,1,2,3,Placement Ready
IT,Male,Tier3,Self,6.18,311,57,4,80,9.3,99,4.5,1,0,2,5,Needs Improvement
ECE,Female,Tier1,Self,6.01,413,93,6,56,9.5,60,6.1,1,0,2,1,Placement Ready
ECE,Male,Tier2,Self,8.79,540,88,4,45,6.0,61,7.6,7,1,5,0,Placement Ready
ECE,Female,Tier3,Coaching,8.39,480,87,0,82,4.1,91,4.5,2,0,4,3,Placement Ready
MECH,Male,Tier3,Coaching,7.37,288,31,1,42,9.7,62,5.0,7,1,1,2,At Risk
EEE,Female,Tier3,Mixed,7.86,353,65,7,73,5.9,61,4.7,7,1,1,3,Placement Ready
ECE,Male,Tier3,Coaching,6.84,347,42,0,69,1.6,70,8.0,9,0,4,1,Needs Improvement
MECH,Female,Tier2,Coaching,7.57,125,44,5,83,6.8,59,4.3,7,0,5,3,Placement Ready
IT,Male,Tier3,Self,7.68,382,89,2,80,6.3,69,7.4,1,0,4,5,Placement Ready
EEE,Female,Tier1,Self,7.17,523,51,5,72,9.1,99,5.8,8,1,5,0,Placement Ready
IT,Male,Tier3,Self,9.4,332,92,1,42,6.9,85,7.8,8,0,3,5,Needs Improvement
EEE,Female,Tier2,Self,5.57,121,54,3,88,4.1,77,8.8,4,1,3,0,Needs Improvement
MECH,Male,Tier3,Self,8.86,312,77,4,71,9.7,73,4.6,8,1,5,4,Placement Ready
CSE,Male,Tier2,Self,6.03,61,72,2,74,8.2,54,5.6,4,0,4,0,Needs Improvement
EEE,Female,Tier2,Self,8.93,190,67,1,68,6.7,86,8.1,8,1,3,4,Needs Improvement
IT,Female,Tier2,Mixed,8.15,66,70,0,51,3.6,61,5.3,5,1,4,5,Needs Improvement
MECH,Male,Tier3,Mixed,9.13,112,74,4,67,4.4,84,5.1,4,0,3,2,Placement Ready
EEE,Female,Tier1,Mixed,5.92,302,69,5,81,7.0,89,8.1,6,1,4,1,Placement Ready
CSE,Male,Tier1,Mixed,7.9,514,46,0,86,1.6,51,8.9,2,1,4,2,Placement Ready
CSE,Male,Tier1,Self,7.65,425,86,1,43,3.3,99,6.8,2,0,2,4,Needs Improvement
ECE,Male,Tier1,Mixed,8.54,569,31,1,67,7.4,90,5.4,2,0,5,3,Placement Ready
ECE,Female,Tier3,Self,7.8,139,91,5,94,5.3,94,6.0,9,0,1,3,Placement Ready
IT,Male,Tier1,Mixed,7.83,224,38,2,55,4.6,88,4.9,3,0,5,2,Needs Improvement
EEE,Male,Tier3,Coaching,7.35,125,97,5,92,2.4,91,7.8,4,1,4,3,Placement Ready
EEE,Female,Tier2,Mixed,6.83,449,46,3,44,5.0,58,7.9,8,0,4,4,Needs Improvement
ECE,Female,Tier1,Mixed,7.57,120,79,0,40,7.9,71,8.4,4,1,5,5,Needs Improvement
EEE,Female,Tier3,Self,6.01,229,69,2,47,3.4,96,4.1,7,0,4,1,Needs Improvement
EEE,Female,Tier2,Mixed,9.63,173,87,4,99,1.0,54,6.8,5,0,3,0,Placement Ready
CSE,Male,Tier2,Coaching,8.57,430,50,6,54,7.0,61,5.1,9,1,4,4,Placement Ready
ECE,Male,Tier2,Self,9.6,342,47,3,91,9.8,50,5.7,4,1,5,4,Placement Ready
MECH,Male,Tier3,Self,6.47,244,84,2,80,6.5,93,7.9,3,0,5,0,Placement Ready
ECE,Male,Tier1,Mixed,9.28,277,58,6,42,2.1,71,5.0,2,0,5,0,Placement Ready
MECH,Female,Tier3,Self,8.98,480,53,6,44,3.9,87,7.2,1,0,2,1,Placement Ready
CSE,Male,Tier3,Self,8.41,485,46,0,45,8.8,68,7.3,6,0,2,1,Needs Improvement
IT,Male,Tier2,Self,8.19,510,47,1,46,3.1,65,8.8,2,0,2,1,Needs Improvement
EEE,Female,Tier1,Self,6.86,70,71,4,44,6.5,80,7.9,8,0,2,3,Needs Improvement
CSE,Male,Tier2,Self,9.01,113,74,5,59,4.6,52,8.0,6,1,2,4,Placement Ready
EEE,Male,Tier1,Self,7.66,214,46,0,83,2.9,72,6.7,5,0,2,5,Needs Improvement
IT,Male,Tier1,Coaching,5.8,76,43,3,83,8.3,91,4.9,2,1,2,0,Needs Improvement
IT,Male,Tier2,Mixed,6.85,360,78,7,45,7.7,67,6.1,7,1,5,4,Placement Ready
CSE,Male,Tier2,Coaching,9.52,334,58,6,96,7.0,75,6.7,2,0,1,4,Placement Ready
IT,Male,Tier3,Self,9.16,330,33,3,70,3.1,62,7.4,5,1,2,1,Placement Ready
MECH,Female,Tier3,Self,9.72,213,49,6,73,1.9,67,7.0,2,0,5,1,Placement Ready
IT,Female,Tier3,Mixed,8.2,273,76,1,87,6.2,52,6.0,2,1,1,4,Placement Ready
EEE,Male,Tier2,Coaching,6.56,195,38,7,90,6.0,72,5.3,7,0,2,1,Needs Improvement
EEE,Male,Tier2,Mixed,6.2,79,56,1,35,2.7,52,4.8,9,0,1,3,At Risk
EEE,Female,Tier2,Coaching,6.3,94,44,4,90,1.5,74,7.5,5,1,1,0,Needs Improvement
EEE,Male,Tier3,Self,5.59,520,48,5,38,1.7,76,7.2,7,0,3,4,Needs Improvement
MECH,Male,Tier1,Mixed,7.18,83,81,4,64,9.9,93,7.4,4,1,4,0,Placement Ready
ECE,Male,Tier3,Mixed,6.32,476,55,1,46,8.1,76,5.9,2,1,3,3,Needs Improvement
CSE,Female,Tier2,Self,7.27,270,55,1,69,9.3,88,5.3,3,0,1,1,Needs Improvement
EEE,Male,Tier2,Mixed,9.52,583,55,3,86,2.8,74,7.8,2,0,5,2,Placement Ready
IT,Female,Tier3,Coaching,7.35,416,75,1,65,9.6,73,7.9,5,0,2,3,Needs Improvement
EEE,Male,Tier2,Coaching,9.28,599,78,7,86,2.3,57,6.3,6,1,4,2,Placement Ready
IT,Female,Tier3,Coaching,8.1,165,82,7,41,5.6,58,7.1,7,1,2,0,Placement Ready
IT,Female,Tier3,Coaching,6.56,288,32,2,56,8.5,95,5.9,3,0,5,4,Needs Improvement
EEE,Male,Tier2,Self,7.03,384,95,6,90,4.1,86,7.5,4,0,4,1,Placement Ready
MECH,Female,Tier2,Mixed,5.86,490,71,0,92,4.8,79,8.2,8,1,3,3,Needs Improvement
IT,Male,Tier2,Coaching,6.93,197,48,1,98,2.2,68,7.4,4,0,1,1,Needs Improvement
IT,Female,Tier3,Self,8.41,58,46,4,46,2.1,65,6.6,7,1,5,2,Needs Improvement
EEE,Male,Tier1,Mixed,5.81,337,62,5,41,6.6,73,6.3,6,1,1,2,Needs Improvement
IT,Male,Tier2,Mixed,6.38,437,78,6,89,7.1,93,7.2,7,1,1,5,Placement Ready
IT,Female,Tier2,Self,7.14,99,85,6,96,8.0,70,7.4,1,0,2,4,Placement Ready
EEE,Male,Tier3,Self,9.72,566,92,5,89,6.0,85,6.8,3,0,5,2,Placement Ready
EEE,Male,Tier1,Coaching,8.87,327,32,5,70,6.8,89,7.1,6,0,1,4,Needs Improvement
CSE,Female,Tier3,Mixed,8.65,349,78,6,58,1.1,88,4.5,3,0,3,5,Placement Ready
MECH,Male,Tier3,Mixed,6.0,184,84,2,78,2.5,96,8.8,7,1,4,3,Needs Improvement
MECH,Male,Tier1,Self,8.86,196,55,4,51,9.9,55,8.0,9,0,5,5,Needs Improvement
IT,Female,Tier1,Mixed,8.88,539,81,2,36,1.7,54,5.9,3,1,2,4,Placement Ready
MECH,Female,Tier3,Coaching,8.08,527,36,1,47,7.1,63,6.8,1,0,5,2,Needs Improvement
IT,Male,Tier1,Mixed,9.76,208,75,0,65,2.6,94,4.2,6,0,2,0,Needs Improvement
CSE,Male,Tier3,Self,6.9,433,75,5,62,7.5,91,4.2,1,0,4,4,Placement Ready
EEE,Female,Tier2,Self,9.55,212,45,7,94,7.4,99,5.3,1,1,3,1,Placement Ready
EEE,Female,Tier1,Coaching,9.43,490,53,4,61,3.1,53,7.4,8,0,1,0,Placement Ready
EEE,Male,Tier3,Coaching,5.55,238,90,5,49,3.4,57,8.3,9,0,5,4,Needs Improvement
MECH,Female,Tier2,Mixed,7.44,464,83,2,67,6.9,73,6.8,2,1,2,1,Placement Ready
CSE,Male,Tier2,Mixed,9.7,388,91,3,54,4.5,60,6.7,9,0,4,5,Placement Ready
MECH,Male,Tier2,Self,5.94,230,30,1,76,2.8,66,6.0,5,0,1,0,At Risk
MECH,Male,Tier2,Coaching,7.86,337,78,0,46,7.6,99,4.8,8,0,4,4,Needs Improvement
CSE,Male,Tier1,Coaching,9.71,236,54,1,57,2.4,70,4.6,7,0,3,3,Needs Improvement
CSE,Male,Tier2,Coaching,7.89,187,39,3,48,8.7,75,7.8,7,1,1,5,Needs Improvement
CSE,Female,Tier3,Mixed,6.32,179,45,0,59,5.6,92,8.6,4,0,1,1,At Risk
CSE,Female,Tier2,Coaching,8.0,243,87,3,65,2.0,97,6.3,2,0,1,3,Placement Ready
EEE,Female,Tier2,Self,6.38,365,58,1,88,7.2,93,7.3,5,0,2,2,Needs Improvement
ECE,Female,Tier2,Self,7.73,193,35,2,39,5.7,94,8.6,3,1,1,5,Needs Improvement
ECE,Male,Tier3,Mixed,5.82,65,45,6,47,3.7,76,4.5,9,0,4,5,Needs Improvement
CSE,Male,Tier1,Mixed,8.1,351,49,1,62,4.8,65,7.9,6,1,2,4,Needs Improvement
ECE,Male,Tier3,Coaching,7.72,472,72,1,77,3.7,75,7.1,1,0,1,4,Placement Ready
ECE,Male,Tier2,Mixed,8.68,294,55,1,81,3.4,82,7.0,3,0,4,1,Placement Ready
CSE,Female,Tier1,Self,8.21,156,62,4,72,2.5,80,5.5,4,1,4,5,Placement Ready
ECE,Male,Tier1,Coaching,7.86,137,55,3,96,4.3,97,7.4,9,0,5,4,Placement Ready
MECH,Male,Tier1,Self,8.47,178,74,7,73,3.3,96,8.0,6,1,4,2,Placement Ready
IT,Female,Tier2,Coaching,6.12,390,92,3,71,7.2,55,4.6,4,0,3,4,Placement Ready
IT,Female,Tier2,Mixed,8.06,53,96,5,42,7.2,93,6.7,1,1,1,5,Placement Ready
CSE,Female,Tier3,Coaching,6.24,376,81,3,86,5.5,57,4.5,8,0,1,0,Needs Improvement
EEE,Female,Tier2,Coaching,9.48,459,97,5,67,8.0,56,8.4,2,1,1,3,Placement Ready
CSE,Male,Tier1,Self,5.79,355,55,4,76,8.6,83,6.5,8,0,4,5,Needs Improvement
EEE,Male,Tier2,Self,7.35,274,31,2,61,6.2,93,8.0,6,0,4,2,Needs Improvement
IT,Female,Tier3,Coaching,8.49,397,43,5,42,6.6,63,5.8,8,0,1,5,Needs Improvement
CSE,Male,Tier1,Mixed,7.47,370,59,1,57,3.5,65,4.6,6,0,2,2,Needs Improvement
MECH,Male,Tier1,Mixed,5.9,230,78,2,98,9.1,92,4.2,5,0,2,5,Needs Improvement
ECE,Male,Tier1,Self,7.88,435,41,6,54,1.2,58,5.4,5,0,3,3,Placement Ready
EEE,Female,Tier3,Mixed,8.26,157,73,4,50,4.1,59,5.2,8,0,5,3,Placement Ready
ECE,Male,Tier2,Self,8.53,580,62,3,51,7.5,66,6.8,7,1,3,2,Placement Ready
ECE,Female,Tier2,Mixed,7.11,459,42,5,53,1.7,61,4.1,8,1,1,5,Needs Improvement
CSE,Male,Tier3,Coaching,7.92,345,55,7,42,2.6,55,6.6,8,1,1,3,Needs Improvement
ECE,Male,Tier3,Self,7.44,220,50,1,72,6.3,68,6.0,7,0,1,1,Needs Improvement
MECH,Male,Tier2,Self,8.39,380,57,0,72,6.0,92,6.9,2,0,5,5,Placement Ready
ECE,Female,Tier3,Coaching,8.01,542,77,6,87,7.7,90,7.5,9,0,4,3,Placement Ready
CSE,Male,Tier1,Self,7.76,244,69,0,65,8.3,78,7.2,7,1,5,0,Needs Improvement
MECH,Female,Tier1,Mixed,6.57,61,95,2,78,2.2,55,8.9,6,0,3,0,Needs Improvement
IT,Female,Tier2,Mixed,5.51,244,52,3,94,1.2,74,4.7,9,0,4,1,Needs Improvement
ECE,Female,Tier1,Self,6.25,539,77,7,51,7.2,73,6.1,1,1,4,3,Placement Ready
CSE,Male,Tier2,Mixed,6.0,231,31,0,73,3.7,74,6.1,2,0,3,0,Needs Improvement
IT,Male,Tier3,Self,7.43,365,49,2,76,6.6,65,6.1,1,1,4,5,Placement Ready
IT,Male,Tier1,Coaching,8.13,79,88,4,82,2.4,65,7.3,3,1,2,4,Placement Ready
EEE,Male,Tier1,Self,6.42,145,75,2,46,5.2,55,6.4,5,0,3,3,Needs Improvement
MECH,Female,Tier2,Coaching,9.54,430,32,6,52,5.5,86,6.6,1,0,3,1,Placement Ready
ECE,Female,Tier3,Mixed,5.53,493,84,7,40,6.3,70,6.2,4,0,2,3,Needs Improvement
CSE,Female,Tier2,Coaching,8.82,347,41,7,77,5.6,53,9.0,8,1,5,2,Placement Ready
EEE,Male,Tier2,Mixed,8.19,410,69,2,69,5.5,83,8.6,6,0,5,2,Placement Ready
MECH,Female,Tier1,Self,7.11,423,95,6,88,4.0,77,5.5,1,1,5,0,Placement Ready
EEE,Male,Tier1,Mixed,5.72,352,45,2,96,1.6,87,4.6,1,0,4,2,Needs Improvement
MECH,Female,Tier3,Self,8.2,470,63,7,50,1.8,90,8.2,3,0,2,1,Placement Ready
MECH,Male,Tier3,Self,7.16,295,73,7,42,4.9,77,9.0,8,0,3,0,Needs Improvement
ECE,Male,Tier1,Coaching,9.53,286,35,1,65,4.2,66,5.5,8,1,3,1,Needs Improvement
MECH,Female,Tier3,Coaching,7.83,583,93,2,44,5.6,63,5.8,3,0,3,5,Placement Ready
EEE,Female,Tier2,Coaching,9.54,234,51,5,90,3.7,56,8.7,7,1,4,1,Placement Ready
MECH,Female,Tier3,Coaching,6.45,517,47,2,54,7.2,71,7.6,3,0,4,2,Needs Improvement
ECE,Female,Tier2,Mixed,8.62,412,41,7,39,8.8,50,5.5,4,0,5,5,Placement Ready
ECE,Male,Tier2,Mixed,8.15,332,81,1,57,3.7,78,6.9,9,1,4,2,Placement Ready
EEE,Female,Tier2,Mixed,8.68,385,80,1,43,2.7,80,8.7,4,1,5,1,Placement Ready
IT,Female,Tier2,Self,6.42,211,77,4,92,2.0,79,8.1,3,0,5,2,Placement Ready
IT,Female,Tier1,Mixed,8.36,209,48,6,93,6.5,64,7.7,5,0,3,2,Placement Ready
MECH,Male,Tier1,Mixed,7.64,523,35,3,88,5.0,67,7.7,7,1,4,2,Placement Ready
CSE,Male,Tier2,Mixed,8.69,371,56,0,80,2.7,84,4.9,5,0,5,3,Placement Ready
MECH,Female,Tier3,Coaching,6.91,61,82,0,56,6.9,99,8.1,4,0,2,5,Needs Improvement
EEE,Male,Tier1,Mixed,9.33,473,77,2,98,2.3,79,5.4,8,1,2,5,Placement Ready
EEE,Female,Tier2,Self,5.86,122,36,4,42,6.0,83,8.7,4,0,4,5,Needs Improvement
EEE,Male,Tier3,Coaching,8.97,250,88,2,54,5.7,91,5.8,2,0,3,1,Placement Ready
EEE,Male,Tier1,Self,9.2,571,98,0,85,7.6,60,8.3,6,0,3,4,Placement Ready
EEE,Male,Tier2,Mixed,9.01,554,40,6,73,1.5,76,5.3,2,1,5,1,Placement Ready
ECE,Male,Tier2,Coaching,7.7,88,44,7,71,9.0,73,6.6,3,1,4,5,Placement Ready
IT,Female,Tier3,Self,7.39,109,93,6,84,7.3,84,4.5,1,0,2,0,Placement Ready
EEE,Female,Tier1,Mixed,9.78,370,32,6,68,2.9,88,7.3,5,0,5,2,Placement Ready
CSE,Female,Tier2,Self,6.49,484,98,1,67,2.7,57,8.2,9,0,5,2,Placement Ready
CSE,Male,Tier3,Self,7.85,457,52,7,65,4.9,67,7.6,2,1,1,4,Placement Ready
CSE,Female,Tier3,Self,8.38,435,82,3,88,8.4,62,6.6,7,0,4,0,Placement Ready
CSE,Female,Tier2,Mixed,8.51,127,66,7,78,8.6,94,4.2,5,1,5,3,Placement Ready
ECE,Female,Tier2,Mixed,6.38,243,38,4,68,5.7,73,8.7,2,0,2,1,Needs Improvement
CSE,Male,Tier2,Self,8.31,334,44,1,96,8.7,72,7.5,8,1,1,3,Needs Improvement
EEE,Male,Tier3,Coaching,9.02,576,32,3,57,1.0,61,7.7,6,0,2,0,Needs Improvement
MECH,Male,Tier2,Coaching,5.72,573,99,4,80,1.3,98,8.0,4,1,3,4,Placement Ready
CSE,Female,Tier1,Mixed,9.42,205,46,4,90,9.2,79,7.7,4,0,1,0,Placement Ready
ECE,Female,Tier3,Mixed,5.63,389,55,0,41,8.0,80,6.2,2,0,1,4,At Risk
ECE,Female,Tier2,Mixed,7.03,174,50,1,95,5.1,77,7.7,3,1,5,3,Placement Ready
CSE,Male,Tier2,Mixed,5.57,329,50,4,37,7.8,71,7.1,7,1,3,3,Needs Improvement
MECH,Male,Tier1,Mixed,5.83,177,40,5,72,9.6,93,8.3,3,0,5,0,Needs Improvement
CSE,Female,Tier2,Coaching,9.42,363,67,6,68,7.9,77,8.0,5,1,4,0,Placement Ready
ECE,Male,Tier2,Mixed,7.03,381,64,4,78,8.6,62,4.2,6,0,2,2,Needs Improvement
IT,Male,Tier2,Self,7.33,199,43,3,64,7.8,74,5.9,6,1,2,4,Needs Improvement
EEE,Male,Tier1,Self,6.43,503,43,0,51,2.5,93,4.2,4,0,5,2,Needs Improvement
ECE,Male,Tier2,Coaching,8.07,85,39,2,93,8.5,95,4.5,6,0,2,1,Needs Improvement
CSE,Female,Tier3,Self,8.06,469,41,6,44,2.8,56,7.0,3,0,2,1,Placement Ready
EEE,Male,Tier1,Coaching,7.1,71,67,0,52,9.0,94,8.4,7,0,4,0,Needs Improvement
CSE,Male,Tier3,Coaching,6.93,255,63,2,79,5.1,55,4.6,7,1,3,3,Needs Improvement
CSE,Male,Tier2,Self,9.31,405,70,1,93,7.1,73,6.3,4,0,1,1,Placement Ready
IT,Male,Tier3,Mixed,7.15,489,39,1,96,5.5,68,8.6,2,0,5,1,Placement Ready
EEE,Female,Tier3,Self,7.62,145,46,4,93,1.8,68,8.1,7,0,5,2,Placement Ready
EEE,Female,Tier2,Self,6.72,213,46,5,83,3.6,85,6.6,3,1,4,2,Placement Ready
IT,Male,Tier3,Coaching,8.88,197,96,1,97,9.9,58,7.9,1,0,4,1,Placement Ready
ECE,Male,Tier3,Self,7.21,579,91,7,66,9.6,97,6.6,2,0,1,0,Placement Ready
CSE,Male,Tier2,Coaching,7.71,343,30,4,44,3.9,85,4.8,9,1,3,2,Needs Improvement
MECH,Male,Tier2,Mixed,6.59,244,41,6,45,10.0,87,4.6,8,0,5,1,Needs Improvement
CSE,Male,Tier2,Mixed,9.75,529,33,0,96,8.6,89,4.9,6,1,4,3,Placement Ready
CSE,Male,Tier3,Mixed,6.75,172,71,1,81,6.5,78,5.8,6,1,5,2,Placement Ready
ECE,Female,Tier3,Self,8.81,449,42,7,68,1.4,73,8.7,1,0,2,1,Placement Ready
CSE,Male,Tier3,Coaching,7.34,501,33,0,51,9.1,97,8.0,2,1,5,4,Needs Improvement
IT,Female,Tier2,Mixed,6.39,153,98,0,88,6.0,54,6.2,4,1,3,2,Placement Ready
IT,Female,Tier3,Coaching,8.94,511,48,5,74,8.8,91,6.5,3,0,3,4,Placement Ready
EEE,Male,Tier1,Coaching,6.93,445,31,1,53,8.5,94,5.3,1,0,5,2,Needs Improvement
MECH,Female,Tier2,Mixed,9.22,386,41,0,87,8.5,75,7.5,8,1,2,2,Needs Improvement
CSE,Female,Tier1,Mixed,9.44,191,35,5,98,7.3,63,8.0,7,0,3,5,Placement Ready
CSE,Female,Tier2,Coaching,9.2,366,37,5,81,3.6,88,5.2,4,1,4,5,Placement Ready
ECE,Female,Tier2,Mixed,5.65,576,80,1,40,4.0,78,4.2,9,0,5,4,Needs Improvement
IT,Female,Tier2,Coaching,8.89,450,40,5,50,3.8,55,7.1,4,0,2,0,Placement Ready
MECH,Female,Tier2,Coaching,7.27,359,92,1,52,1.2,56,6.8,1,0,4,1,Placement Ready
EEE,Male,Tier2,Mixed,9.26,544,86,7,86,6.2,86,6.0,1,0,5,0,Placement Ready
IT,Female,Tier2,Self,8.24,158,41,1,82,7.3,67,7.2,1,0,2,0,Needs Improvement
EEE,Female,Tier1,Mixed,9.08,421,31,2,77,8.7,72,6.8,1,1,4,5,Placement Ready
ECE,Female,Tier2,Self,7.65,255,37,0,73,2.3,93,5.3,4,1,3,1,Needs Improvement
ECE,Male,Tier1,Coaching,7.8,92,40,7,83,5.9,87,6.0,1,1,5,5,Placement Ready
CSE,Female,Tier1,Coaching,6.12,294,82,3,46,1.1,50,6.1,2,1,5,5,Placement Ready
MECH,Male,Tier2,Self,8.87,336,39,1,44,1.9,53,8.4,4,1,3,5,Needs Improvement
EEE,Female,Tier2,Coaching,7.3,404,37,0,89,1.5,93,8.8,7,0,1,3,Needs Improvement
IT,Male,Tier2,Self,7.65,525,65,6,35,7.5,96,8.5,2,1,4,0,Placement Ready
ECE,Male,Tier2,Self,8.88,132,43,5,83,1.7,84,7.6,8,0,3,0,Placement Ready
CSE,Female,Tier2,Coaching,8.08,159,83,4,70,7.4,72,6.9,7,1,5,0,Placement Ready
CSE,Female,Tier3,Self,6.36,239,50,1,55,3.2,76,7.4,9,1,4,3,Needs Improvement
EEE,Male,Tier2,Mixed,8.04,300,79,5,71,8.9,75,8.7,6,0,4,2,Placement Ready
ECE,Female,Tier2,Mixed,7.25,340,68,5,58,8.3,57,5.2,4,0,1,4,Needs Improvement
MECH,Male,Tier1,Coaching,7.52,250,49,5,89,9.6,92,6.7,6,0,5,4,Placement Ready
ECE,Male,Tier2,Coaching,5.62,375,36,5,59,9.0,65,7.4,4,0,2,3,Needs Improvement
EEE,Male,Tier2,Self,6.4,560,38,5,41,9.4,90,7.4,7,0,1,0,Needs Improvement
EEE,Male,Tier2,Self,6.71,458,30,1,58,8.7,52,5.3,9,0,1,4,At Risk
ECE,Male,Tier2,Self,8.57,557,55,6,45,7.2,81,6.9,3,0,2,3,Placement Ready
EEE,Female,Tier2,Self,5.55,121,67,3,46,2.5,54,8.0,3,1,2,5,Needs Improvement
ECE,Male,Tier2,Mixed,7.26,296,67,2,69,3.4,69,6.4,2,1,1,1,Needs Improvement
IT,Male,Tier3,Mixed,9.47,393,90,5,97,2.9,63,8.0,1,1,4,4,Placement Ready
ECE,Female,Tier3,Coaching,5.98,103,73,5,91,6.4,81,5.8,1,1,3,1,Placement Ready
ECE,Male,Tier3,Self,7.72,577,73,2,47,5.5,75,8.7,3,0,3,0,Placement Ready
EEE,Female,Tier3,Self,8.88,581,91,6,57,8.8,96,6.7,7,0,1,4,Placement Ready
EEE,Female,Tier1,Coaching,9.55,242,35,7,73,9.6,55,7.0,9,1,4,3,Placement Ready
CSE,Female,Tier1,Self,8.71,107,46,6,46,4.6,85,4.2,2,1,2,2,Placement Ready
CSE,Male,Tier1,Self,8.6,486,80,7,68,5.6,89,4.9,7,0,1,4,Placement Ready
IT,Male,Tier2,Self,9.05,160,67,1,65,9.7,54,7.2,1,1,5,4,Placement Ready
CSE,Male,Tier3,Self,7.42,178,53,0,96,3.5,62,6.1,2,1,4,4,Placement Ready
ECE,Female,Tier1,Self,8.97,375,80,4,47,8.1,81,6.5,6,1,5,4,Placement Ready
EEE,Male,Tier3,Coaching,5.53,57,39,4,65,3.0,65,4.3,5,1,5,3,Needs Improvement
CSE,Female,Tier1,Self,9.48,78,50,0,36,7.1,50,8.2,8,0,1,3,Needs Improvement
CSE,Male,Tier3,Coaching,7.41,161,99,1,49,3.3,62,7.9,2,1,4,2,Placement Ready
IT,Female,Tier2,Self,7.88,180,86,4,91,9.0,60,4.9,1,1,5,3,Placement Ready
IT,Male,Tier1,Mixed,6.6,237,68,6,68,6.1,57,7.2,7,0,4,3,Placement Ready
ECE,Male,Tier2,Mixed,8.69,524,62,2,63,2.7,74,8.1,6,1,3,0,Placement Ready
EEE,Male,Tier2,Mixed,5.83,413,88,0,50,3.0,89,7.2,8,0,5,0,Needs Improvement
IT,Female,Tier2,Mixed,9.25,253,47,6,73,5.4,81,5.6,8,0,5,1,Placement Ready
CSE,Female,Tier2,Coaching,9.06,261,85,3,71,9.7,73,7.3,2,0,4,2,Placement Ready
EEE,Male,Tier3,Coaching,6.43,325,86,1,55,7.9,77,5.1,8,0,3,0,Needs Improvement
EEE,Male,Tier2,Self,8.98,122,77,0,78,5.4,63,5.6,6,0,5,2,Placement Ready
CSE,Female,Tier2,Mixed,8.88,292,71,4,53,4.0,94,5.2,9,1,1,2,Placement Ready
IT,Female,Tier2,Coaching,8.22,151,56,1,42,5.9,52,6.8,7,0,4,4,Needs Improvement
CSE,Female,Tier3,Self,7.11,220,81,2,75,7.7,85,4.5,2,0,4,5,Placement Ready
EEE,Male,Tier2,Self,6.67,237,71,1,95,8.1,76,8.7,8,0,5,5,Needs Improvement
MECH,Female,Tier2,Coaching,6.5,490,61,1,60,3.9,69,5.7,9,0,3,5,Needs Improvement
MECH,Male,Tier1,Mixed,6.87,135,55,2,63,7.5,96,5.1,7,1,5,2,Needs Improvement
ECE,Female,Tier1,Self,9.39,525,54,5,53,6.9,64,6.5,4,1,2,4,Placement Ready
CSE,Male,Tier2,Mixed,5.83,101,52,2,92,9.6,76,5.4,9,1,5,1,Needs Improvement
CSE,Female,Tier1,Mixed,9.06,160,86,6,91,9.4,94,6.7,4,1,2,1,Placement Ready
ECE,Female,Tier2,Mixed,7.0,92,81,1,71,8.1,90,5.7,4,0,1,5,Needs Improvement
ECE,Female,Tier3,Self,7.74,260,60,7,95,7.5,77,4.7,9,1,4,1,Placement Ready
ECE,Female,Tier1,Mixed,8.92,249,93,2,64,3.5,74,5.3,8,1,4,4,Placement Ready
EEE,Female,Tier2,Self,9.3,75,62,5,59,8.6,91,6.2,4,0,3,5,Placement Ready
CSE,Male,Tier2,Mixed,6.98,348,31,6,99,4.8,93,4.2,8,1,5,4,Placement Ready
EEE,Female,Tier3,Self,7.49,126,47,7,40,3.5,95,7.9,8,1,1,1,Needs Improvement
ECE,Female,Tier2,Mixed,7.28,186,76,7,52,4.5,82,7.1,7,1,2,5,Placement Ready
CSE,Female,Tier3,Coaching,5.56,69,62,0,44,8.5,95,7.0,6,0,3,4,At Risk
EEE,Male,Tier2,Mixed,6.77,489,64,2,45,2.3,63,6.7,8,1,1,3,Needs Improvement
EEE,Female,Tier1,Mixed,7.47,260,80,2,99,5.1,57,7.0,7,0,1,3,Needs Improvement
ECE,Male,Tier2,Self,7.27,484,47,1,99,5.4,97,8.7,5,0,2,4,Needs Improvement
CSE,Female,Tier3,Self,8.6,256,59,6,86,1.3,63,4.0,4,0,2,4,Placement Ready
ECE,Female,Tier2,Mixed,7.15,488,73,0,65,2.8,50,4.2,2,0,4,0,Placement Ready
CSE,Male,Tier3,Coaching,7.6,91,82,3,51,8.4,65,5.0,8,0,5,0,Needs Improvement
MECH,Female,Tier3,Coaching,7.35,460,39,3,89,8.5,67,4.8,9,0,3,2,Needs Improvement
IT,Male,Tier1,Self,8.68,572,81,4,70,3.6,56,4.9,4,1,5,5,Placement Ready
IT,Male,Tier1,Coaching,9.21,476,78,2,60,8.9,64,7.4,4,1,3,2,Placement Ready
IT,Female,Tier2,Mixed,7.79,324,40,2,87,7.9,73,6.3,5,1,1,2,Needs Improvement
ECE,Male,Tier2,Self,8.89,497,95,0,51,4.8,98,9.0,2,0,2,1,Placement Ready
MECH,Female,Tier3,Mixed,6.78,418,87,5,59,7.7,62,5.1,7,0,2,3,Placement Ready
CSE,Female,Tier3,Self,7.83,269,65,3,36,9.7,58,5.6,5,1,1,1,Needs Improvement
EEE,Male,Tier2,Self,6.98,281,62,4,39,5.1,64,8.9,6,0,1,5,Needs Improvement
CSE,Male,Tier1,Self,7.28,377,76,0,38,3.1,84,8.2,4,1,3,4,Needs Improvement
EEE,Male,Tier3,Self,8.65,492,42,2,70,9.5,73,6.3,8,1,1,0,Needs Improvement
CSE,Male,Tier2,Coaching,9.29,101,69,3,40,6.4,82,6.8,8,0,3,5,Needs Improvement
MECH,Female,Tier3,Mixed,6.02,425,97,6,55,1.9,65,8.2,5,1,5,4,Placement Ready
EEE,Female,Tier2,Mixed,8.23,312,71,4,60,6.2,57,6.4,6,1,2,5,Placement Ready
ECE,Male,Tier2,Mixed,8.0,316,48,1,89,5.5,78,5.0,3,0,2,4,Needs Improvement
CSE,Female,Tier1,Self,6.01,408,48,3,73,8.7,72,8.1,1,0,2,0,Needs Improvement
CSE,Female,Tier2,Coaching,6.41,366,87,4,67,5.8,94,6.7,9,0,5,4,Placement Ready
EEE,Female,Tier2,Mixed,6.84,373,52,0,48,3.3,80,4.8,9,0,5,2,Needs Improvement
ECE,Female,Tier2,Coaching,6.22,470,83,1,90,7.1,89,6.5,3,0,4,5,Placement Ready
ECE,Male,Tier1,Self,6.55,95,94,4,55,5.9,98,6.1,4,0,3,0,Needs Improvement
MECH,Male,Tier3,Mixed,6.65,318,41,4,80,3.1,63,8.4,7,0,3,4,Needs Improvement
ECE,Female,Tier3,Coaching,6.94,430,53,7,50,6.2,79,4.6,2,1,4,2,Placement Ready
ECE,Male,Tier1,Self,8.72,167,63,7,50,8.4,88,8.4,3,0,2,2,Placement Ready
ECE,Male,Tier1,Coaching,7.96,165,82,7,63,1.3,76,6.6,6,0,3,3,Placement Ready
IT,Male,Tier1,Mixed,9.74,309,37,2,42,6.7,96,6.0,8,0,3,2,Needs Improvement
MECH,Female,Tier2,Mixed,7.28,124,47,5,37,4.1,65,4.8,1,0,2,1,Needs Improvement
CSE,Female,Tier2,Self,8.74,529,86,3,53,3.6,55,7.5,4,0,1,0,Placement Ready
EEE,Female,Tier2,Self,9.25,354,34,2,56,4.5,82,8.6,1,0,1,0,Needs Improvement
CSE,Male,Tier1,Self,8.42,56,55,6,80,4.1,93,5.9,2,0,4,0,Placement Ready
MECH,Female,Tier2,Coaching,7.27,415,59,1,47,8.5,67,5.2,8,1,5,4,Needs Improvement
EEE,Female,Tier2,Coaching,8.74,572,83,5,67,3.5,65,6.8,6,1,3,5,Placement Ready
MECH,Male,Tier2,Coaching,6.38,397,42,4,39,7.6,61,8.0,9,0,3,4,Needs Improvement
ECE,Female,Tier3,Self,6.91,487,58,2,61,1.8,69,4.0,2,0,4,1,Needs Improvement
EEE,Female,Tier1,Mixed,7.85,264,32,7,58,9.6,94,7.2,3,1,4,5,Placement Ready
ECE,Male,Tier2,Mixed,7.97,478,87,5,97,6.6,89,7.0,9,1,3,2,Placement Ready
CSE,Male,Tier2,Coaching,5.6,547,31,6,82,7.4,78,5.6,9,0,2,4,Needs Improvement
CSE,Male,Tier2,Coaching,9.56,589,57,3,97,3.7,79,6.3,6,1,2,5,Placement Ready
EEE,Female,Tier3,Mixed,8.5,416,31,6,46,4.7,75,5.2,3,0,5,2,Placement Ready
EEE,Female,Tier2,Mixed,7.63,362,36,1,62,3.0,71,7.9,5,0,3,5,Needs Improvement
MECH,Female,Tier3,Coaching,9.51,587,55,0,78,9.4,82,7.2,2,1,3,2,Placement Ready
MECH,Male,Tier1,Coaching,7.39,103,45,2,77,5.4,88,6.7,7,1,3,5,Needs Improvement
ECE,Male,Tier1,Mixed,9.72,590,52,7,51,6.7,96,6.0,8,1,3,4,Placement Ready
EEE,Female,Tier3,Self,7.7,516,69,1,74,7.6,78,5.5,6,0,4,4,Placement Ready
CSE,Female,Tier2,Coaching,5.99,213,89,0,83,4.3,71,8.1,8,0,1,1,Needs Improvement
MECH,Male,Tier2,Mixed,8.79,383,61,7,91,7.5,94,6.3,2,0,3,3,Placement Ready
MECH,Male,Tier1,Mixed,8.42,596,44,7,98,7.1,62,6.5,3,0,1,0,Placement Ready
CSE,Male,Tier1,Mixed,8.82,397,42,7,91,7.4,58,6.6,7,1,2,4,Placement Ready
MECH,Male,Tier3,Mixed,9.59,322,34,2,77,5.4,73,6.2,1,1,5,4,Placement Ready
ECE,Female,Tier1,Self,8.84,463,81,1,57,4.4,64,5.3,7,1,2,2,Placement Ready
EEE,Male,Tier2,Mixed,8.13,549,70,7,61,3.0,85,4.6,6,1,3,3,Placement Ready
CSE,Female,Tier1,Coaching,9.19,142,82,6,92,8.4,62,4.5,8,0,2,4,Placement Ready
EEE,Female,Tier2,Self,8.39,128,79,1,71,6.5,76,7.8,7,1,4,5,Placement Ready
MECH,Female,Tier1,Mixed,7.25,266,44,5,40,5.0,93,5.1,4,1,1,3,Needs Improvement
MECH,Male,Tier2,Self,9.31,407,36,6,99,9.5,86,4.3,3,0,3,0,Placement Ready
CSE,Male,Tier1,Coaching,6.45,556,69,2,40,1.4,56,8.0,3,1,4,5,Needs Improvement
ECE,Male,Tier3,Mixed,8.57,230,57,7,84,8.7,57,4.8,4,0,1,2,Placement Ready
IT,Male,Tier1,Coaching,9.29,295,61,1,56,10.0,86,7.1,9,1,4,1,Placement Ready
CSE,Female,Tier2,Mixed,8.64,293,44,4,59,9.0,90,5.7,9,0,2,5,Needs Improvement
IT,Male,Tier3,Mixed,8.5,555,99,2,85,8.3,63,4.6,2,0,3,0,Placement Ready
IT,Male,Tier2,Mixed,8.74,471,94,1,82,4.4,61,6.1,5,1,2,5,Placement Ready
ECE,Female,Tier2,Mixed,7.5,369,33,5,99,3.1,85,4.1,1,1,5,3,Placement Ready
IT,Male,Tier2,Mixed,9.26,136,40,7,94,7.6,89,8.2,4,0,3,3,Placement Ready
IT,Female,Tier2,Self,6.37,266,55,0,80,3.7,66,6.6,2,0,2,0,Needs Improvement
ECE,Female,Tier2,Mixed,6.05,539,90,7,70,2.6,89,4.7,8,0,3,3,Placement Ready
IT,Female,Tier3,Mixed,6.73,568,66,0,92,8.1,78,5.2,4,0,1,5,Needs Improvement
IT,Female,Tier2,Self,7.79,327,52,4,72,3.8,76,6.2,5,1,3,1,Placement Ready
IT,Female,Tier2,Self,7.7,218,69,2,45,9.2,50,4.9,4,1,3,5,Needs Improvement
CSE,Female,Tier3,Self,9.03,379,52,5,46,8.6,83,5.3,5,0,1,1,Needs Improvement
CSE,Female,Tier2,Self,7.24,490,45,1,76,8.6,53,6.7,5,1,2,3,Needs Improvement
CSE,Female,Tier1,Self,7.58,440,90,1,73,7.9,73,8.2,5,0,3,5,Placement Ready
ECE,Male,Tier2,Self,5.56,545,97,0,45,8.9,70,6.0,3,1,4,3,Needs Improvement
MECH,Male,Tier3,Mixed,7.26,430,60,5,70,8.3,82,7.6,7,0,3,1,Placement Ready
IT,Male,Tier1,Mixed,8.29,355,82,6,86,6.4,56,8.4,3,0,2,3,Placement Ready
IT,Male,Tier2,Coaching,5.57,562,54,4,65,3.7,50,5.1,2,1,1,4,Needs Improvement
ECE,Female,Tier1,Mixed,6.71,237,73,0,67,9.0,90,8.0,3,0,2,2,Needs Improvement
IT,Male,Tier2,Mixed,6.39,565,41,0,47,8.6,52,7.8,3,1,5,5,Needs Improvement
CSE,Female,Tier1,Self,5.68,476,38,4,52,5.3,93,5.8,8,1,3,4,Needs Improvement
MECH,Male,Tier2,Self,7.56,551,41,2,75,1.4,64,8.9,4,0,3,3,Needs Improvement
EEE,Male,Tier3,Mixed,6.28,309,98,1,92,6.7,80,5.3,3,0,1,3,Needs Improvement
IT,Male,Tier2,Coaching,8.7,562,83,2,90,1.5,65,5.3,5,1,3,2,Placement Ready
CSE,Female,Tier2,Self,9.15,120,83,5,58,9.3,59,7.9,4,1,4,3,Placement Ready
EEE,Male,Tier3,Mixed,7.85,527,57,6,65,9.7,78,6.2,9,0,4,2,Placement Ready
MECH,Female,Tier3,Mixed,9.72,227,85,7,89,2.7,55,5.7,8,0,2,5,Placement Ready
EEE,Female,Tier1,Coaching,7.44,506,98,3,44,7.1,78,4.9,7,1,1,1,Placement Ready
CSE,Male,Tier2,Coaching,7.71,238,87,3,94,1.8,66,7.8,8,0,5,2,Placement Ready
EEE,Male,Tier1,Self,9.75,340,71,3,36,7.6,71,7.9,5,0,2,2,Placement Ready
ECE,Male,Tier3,Coaching,6.5,569,67,4,49,4.1,73,6.8,4,0,1,4,Needs Improvement
EEE,Female,Tier3,Mixed,9.55,341,97,0,37,7.1,66,8.8,7,1,1,3,Needs Improvement
IT,Male,Tier2,Mixed,5.68,332,82,6,77,4.4,70,5.6,1,1,2,5,Placement Ready
IT,Female,Tier3,Coaching,7.42,593,62,2,65,2.3,99,5.1,6,1,2,1,Placement Ready
ECE,Female,Tier2,Coaching,5.8,426,85,7,90,4.7,60,7.4,8,1,3,0,Placement Ready
CSE,Male,Tier2,Coaching,8.64,205,80,1,97,2.0,56,7.8,7,1,5,2,Placement Ready
IT,Male,Tier1,Coaching,8.12,557,72,3,49,6.2,91,5.1,2,0,4,0,Placement Ready
MECH,Female,Tier3,Self,8.54,462,44,2,44,1.4,88,4.4,7,1,3,3,Needs Improvement
IT,Female,Tier1,Coaching,7.11,577,67,3,72,5.7,54,8.1,6,0,1,2,Needs Improvement
IT,Female,Tier3,Self,7.09,404,44,6,81,9.0,93,8.9,5,1,5,0,Placement Ready
CSE,Male,Tier3,Mixed,5.69,236,34,3,91,8.5,97,7.2,4,0,5,4,Needs Improvement
EEE,Female,Tier3,Coaching,7.0,80,83,1,84,8.9,70,5.4,1,0,2,0,Needs Improvement
IT,Male,Tier1,Self,9.5,309,80,7,49,9.3,67,9.0,2,1,5,4,Placement Ready
ECE,Female,Tier2,Coaching,7.13,470,39,5,52,1.9,84,8.5,7,1,5,1,Placement Ready
EEE,Female,Tier2,Mixed,9.07,578,41,5,36,2.2,69,6.6,3,0,1,3,Placement Ready
MECH,Male,Tier2,Mixed,9.12,353,33,6,77,6.0,64,8.1,5,1,3,5,Placement Ready
CSE,Female,Tier1,Mixed,7.1,88,47,5,60,9.0,54,8.1,8,0,5,0,Needs Improvement
MECH,Male,Tier3,Coaching,8.22,538,65,4,72,9.8,62,8.7,8,0,2,2,Placement Ready
EEE,Male,Tier2,Coaching,5.91,591,54,0,76,1.4,61,8.2,6,1,3,3,Needs Improvement
EEE,Female,Tier2,Self,5.95,327,65,4,39,4.2,70,7.2,5,0,2,0,Needs Improvement
EEE,Male,Tier2,Mixed,5.71,252,96,2,45,2.9,86,7.0,2,1,5,2,Placement Ready
MECH,Male,Tier2,Coaching,8.0,115,38,4,99,7.8,55,6.3,9,0,3,2,Needs Improvement
EEE,Female,Tier2,Mixed,7.33,157,90,2,68,6.8,56,7.1,1,1,5,5,Placement Ready
MECH,Male,Tier2,Mixed,7.86,317,82,2,35,2.1,75,8.0,2,1,1,5,Needs Improvement
EEE,Male,Tier3,Self,7.74,271,47,0,36,5.4,91,8.8,1,0,3,2,Needs Improvement
ECE,Male,Tier2,Self,7.01,579,72,1,54,7.2,97,6.3,4,0,2,5,Needs Improvement
EEE,Female,Tier3,Self,8.41,139,64,7,95,8.0,57,6.9,4,1,1,2,Placement Ready
MECH,Male,Tier3,Self,8.76,304,92,6,55,1.2,58,6.2,5,1,4,0,Placement Ready
IT,Female,Tier1,Mixed,5.56,504,33,0,46,9.0,76,7.3,5,0,2,1,At Risk
EEE,Female,Tier3,Self,6.39,302,70,6,56,6.1,53,7.1,8,0,5,5,Needs Improvement
IT,Male,Tier1,Self,8.57,306,74,5,54,8.3,70,4.1,3,0,2,4,Placement Ready
ECE,Male,Tier3,Self,7.16,432,79,5,35,8.3,80,6.7,6,0,4,4,Placement Ready
CSE,Male,Tier2,Self,8.35,491,57,4,64,2.7,70,4.4,3,0,2,4,Placement Ready
ECE,Female,Tier3,Mixed,6.99,139,71,2,58,2.0,89,4.1,2,0,1,1,Needs Improvement
EEE,Male,Tier3,Self,7.18,439,98,3,48,7.5,74,8.0,8,1,2,2,Placement Ready
IT,Male,Tier3,Mixed,6.18,93,30,3,70,2.4,88,5.3,1,1,3,2,Needs Improvement
IT,Male,Tier3,Coaching,6.61,68,68,6,58,8.6,64,5.7,9,1,4,3,Needs Improvement
MECH,Male,Tier2,Mixed,8.1,150,46,2,94,7.5,84,4.3,7,1,2,4,Needs Improvement
IT,Male,Tier1,Mixed,7.36,406,64,6,89,8.6,98,4.9,4,1,4,4,Placement Ready
MECH,Female,Tier2,Self,8.83,591,75,0,58,3.7,92,7.8,3,0,1,2,Placement Ready
CSE,Female,Tier1,Coaching,9.17,82,71,1,58,3.8,90,6.5,6,1,3,4,Needs Improvement
EEE,Male,Tier2,Coaching,7.83,278,68,7,88,7.0,86,8.4,9,1,5,2,Placement Ready
MECH,Male,Tier2,Coaching,8.76,573,78,0,60,1.3,91,6.0,9,1,2,2,Placement Ready
CSE,Male,Tier3,Coaching,6.82,204,91,2,72,7.5,96,5.3,4,0,1,5,Needs Improvement
IT,Male,Tier2,Mixed,7.28,472,67,2,99,8.5,77,5.7,5,1,4,2,Placement Ready
IT,Female,Tier3,Coaching,8.56,295,52,1,85,4.7,63,7.6,9,1,4,0,Placement Ready
CSE,Male,Tier1,Mixed,7.16,454,51,6,69,7.9,53,6.8,2,1,1,0,Placement Ready
IT,Female,Tier3,Mixed,8.03,590,33,4,77,2.6,69,8.5,2,0,2,0,Placement Ready
CSE,Female,Tier3,Mixed,6.3,210,78,4,63,3.9,83,7.0,5,1,5,0,Placement Ready
MECH,Male,Tier2,Coaching,8.08,166,88,1,71,9.8,61,6.5,1,1,2,1,Placement Ready
MECH,Female,Tier2,Self,9.2,320,97,4,92,9.9,82,7.9,8,0,3,3,Placement Ready
CSE,Female,Tier3,Self,9.24,536,31,3,88,5.6,73,8.7,5,1,2,3,Placement Ready
MECH,Female,Tier1,Coaching,8.61,221,78,4,73,9.4,69,5.8,2,0,3,2,Placement Ready
MECH,Female,Tier2,Self,8.71,323,60,4,76,5.7,54,5.2,9,1,4,4,Placement Ready
MECH,Male,Tier2,Self,7.9,308,69,4,62,3.6,87,7.1,2,1,3,0,Placement Ready
ECE,Male,Tier1,Mixed,8.01,184,77,3,63,3.4,79,6.5,7,0,5,3,Placement Ready
EEE,Female,Tier2,Mixed,6.07,471,80,6,77,9.4,73,8.9,8,0,1,3,Needs Improvement
IT,Male,Tier1,Coaching,7.41,470,72,4,37,2.6,92,6.3,6,1,3,0,Placement Ready
ECE,Male,Tier1,Coaching,7.44,235,84,5,44,6.2,89,4.4,7,0,2,1,Needs Improvement
MECH,Male,Tier1,Self,9.62,413,78,3,93,6.0,56,8.9,1,0,3,1,Placement Ready
CSE,Male,Tier3,Mixed,7.35,427,86,1,48,7.7,85,8.2,4,1,4,3,Placement Ready
MECH,Male,Tier2,Coaching,7.86,572,44,0,81,5.5,87,4.9,7,0,3,1,Needs Improvement
EEE,Female,Tier3,Coaching,7.79,245,56,1,76,3.5,65,8.5,1,0,5,5,Placement Ready
MECH,Male,Tier2,Coaching,8.24,147,97,0,66,2.5,64,5.7,1,1,3,0,Placement Ready
CSE,Male,Tier2,Coaching,8.72,71,93,7,66,6.6,95,5.9,6,0,5,3,Placement Ready
EEE,Male,Tier2,Coaching,6.47,499,59,1,76,7.5,72,8.5,4,0,2,0,Needs Improvement
MECH,Male,Tier2,Coaching,7.77,221,65,5,66,6.1,61,6.7,3,1,4,1,Placement Ready
EEE,Female,Tier1,Self,9.05,432,96,0,60,7.6,78,4.7,5,1,1,0,Placement Ready
IT,Female,Tier2,Mixed,7.49,183,78,0,35,2.3,93,5.8,9,1,2,1,Needs Improvement
IT,Female,Tier1,Mixed,6.7,475,84,2,90,8.9,97,7.6,3,1,2,1,Placement Ready
MECH,Female,Tier2,Coaching,8.32,74,85,0,36,6.2,64,4.9,5,1,1,0,Needs Improvement
EEE,Male,Tier2,Mixed,9.04,552,97,0,64,2.1,78,7.0,5,0,3,1,Placement Ready
CSE,Female,Tier1,Mixed,5.77,234,73,2,86,5.2,94,7.5,9,0,3,5,Needs Improvement
MECH,Male,Tier1,Mixed,8.84,134,60,4,43,8.6,92,5.7,4,0,3,2,Needs Improvement
IT,Male,Tier3,Coaching,9.03,193,87,4,56,9.1,98,7.5,1,0,4,0,Placement Ready
IT,Male,Tier2,Coaching,7.48,461,82,2,68,3.4,70,8.4,5,1,2,2,Placement Ready
MECH,Male,Tier1,Mixed,9.73,273,52,3,83,7.4,64,6.4,1,1,5,0,Placement Ready
EEE,Male,Tier3,Mixed,8.88,269,57,7,35,1.9,63,5.9,6,0,1,1,Needs Improvement
IT,Female,Tier1,Coaching,8.83,228,45,0,87,1.3,91,5.3,7,1,2,1,Needs Improvement
EEE,Female,Tier2,Self,8.72,482,66,0,74,6.0,93,7.0,1,0,3,3,Placement Ready
IT,Female,Tier3,Mixed,6.15,314,50,2,79,7.3,65,8.4,4,0,1,5,Needs Improvement
IT,Female,Tier1,Self,6.43,478,46,2,43,8.2,64,5.6,9,1,5,3,Needs Improvement
ECE,Male,Tier1,Mixed,7.5,465,66,3,56,4.1,91,6.0,1,0,2,2,Placement Ready
IT,Female,Tier1,Self,6.64,502,48,5,52,1.1,53,6.0,9,0,2,1,Needs Improvement
CSE,Male,Tier2,Self,7.29,246,59,4,77,5.3,76,6.8,8,0,4,3,Needs Improvement
MECH,Female,Tier1,Self,9.32,102,74,1,73,1.1,72,5.1,5,0,2,1,Needs Improvement
MECH,Male,Tier2,Coaching,9.04,529,47,5,40,1.8,78,8.1,6,1,2,0,Placement Ready
EEE,Male,Tier1,Self,8.21,492,91,6,82,3.9,90,5.5,7,1,5,3,Placement Ready
IT,Female,Tier2,Self,9.19,379,65,4,41,4.9,58,7.5,4,0,5,2,Placement Ready
CSE,Male,Tier3,Self,8.87,300,81,0,50,3.5,92,6.6,6,0,1,3,Needs Improvement
EEE,Male,Tier3,Mixed,7.34,172,48,6,35,6.2,92,6.9,7,1,3,1,Needs Improvement
ECE,Female,Tier2,Self,6.36,436,73,5,71,1.5,56,4.9,6,1,5,4,Placement Ready
EEE,Male,Tier2,Mixed,7.71,388,36,2,71,2.3,91,7.7,6,0,1,4,Needs Improvement
EEE,Female,Tier2,Self,8.67,397,73,3,98,7.3,53,4.9,2,0,2,5,Placement Ready
IT,Female,Tier2,Self,7.38,78,97,4,96,2.3,54,4.6,5,1,1,1,Placement Ready
ECE,Female,Tier2,Coaching,8.37,84,63,3,95,6.8,54,6.7,3,1,1,0,Placement Ready
EEE,Male,Tier1,Mixed,5.91,567,95,6,67,1.5,60,7.5,7,0,1,3,Placement Ready
CSE,Male,Tier3,Self,8.72,445,98,4,64,4.7,90,4.3,4,1,1,4,Placement Ready
CSE,Male,Tier2,Mixed,8.99,343,84,7,54,2.6,77,4.3,1,0,5,0,Placement Ready
MECH,Female,Tier1,Mixed,8.54,398,39,7,94,2.0,65,8.0,6,0,3,1,Placement Ready
ECE,Male,Tier2,Coaching,9.66,196,71,5,58,6.1,90,8.0,6,0,1,0,Placement Ready
ECE,Female,Tier2,Coaching,9.05,116,70,0,38,9.4,79,5.2,7,1,4,1,Needs Improvement
MECH,Female,Tier3,Coaching,9.38,569,98,7,71,1.5,53,7.1,8,0,2,5,Placement Ready
EEE,Male,Tier3,Coaching,9.51,171,39,7,38,4.8,51,6.2,3,0,2,3,Placement Ready
ECE,Female,Tier3,Coaching,8.95,389,39,1,52,7.4,95,7.2,6,0,2,0,Needs Improvement
CSE,Male,Tier1,Coaching,8.4,224,89,3,82,5.2,52,8.3,2,1,2,3,Placement Ready
CSE,Male,Tier2,Coaching,5.52,500,80,3,67,8.3,99,4.4,9,0,2,0,Needs Improvement
IT,Male,Tier2,Coaching,7.5,185,50,7,92,2.6,70,7.9,2,0,1,1,Placement Ready
ECE,Male,Tier1,Self,7.96,65,37,1,62,9.6,55,6.5,3,0,3,1,Needs Improvement
EEE,Male,Tier2,Mixed,6.81,382,94,3,69,4.5,92,6.8,2,1,4,0,Placement Ready
MECH,Female,Tier3,Coaching,6.87,244,59,3,44,4.1,67,7.3,9,0,5,5,Needs Improvement
MECH,Female,Tier1,Coaching,9.63,545,78,4,99,8.9,93,8.6,1,0,4,1,Placement Ready
EEE,Female,Tier2,Mixed,9.33,58,38,4,76,6.1,54,4.3,5,0,5,2,Placement Ready
IT,Male,Tier1,Self,9.15,383,46,1,43,5.6,58,4.1,1,1,5,2,Placement Ready
MECH,Male,Tier1,Mixed,7.25,382,98,6,94,7.5,69,4.9,5,0,4,3,Placement Ready
ECE,Male,Tier1,Mixed,5.56,376,87,0,49,6.2,77,8.9,8,1,1,2,Needs Improvement
IT,Female,Tier3,Coaching,5.84,64,86,5,91,2.5,75,7.6,8,1,2,2,Needs Improvement
ECE,Male,Tier3,Mixed,6.84,275,91,7,56,7.1,67,7.1,8,1,1,5,Placement Ready
CSE,Female,Tier3,Mixed,5.57,474,81,7,98,2.2,68,4.2,2,0,2,5,Placement Ready
IT,Female,Tier2,Coaching,5.57,457,90,5,75,8.3,52,8.4,8,1,3,4,Placement Ready
MECH,Male,Tier1,Coaching,9.44,162,69,7,90,9.9,58,8.1,5,0,5,4,Placement Ready
IT,Male,Tier2,Coaching,8.54,477,67,7,57,4.4,85,7.3,1,0,4,5,Placement Ready
IT,Female,Tier2,Coaching,6.83,50,72,6,59,5.0,80,5.7,7,1,3,4,Needs Improvement
IT,Male,Tier3,Mixed,6.07,315,92,3,40,1.4,98,4.4,6,0,2,5,Needs Improvement
IT,Female,Tier1,Mixed,7.7,540,48,0,68,1.1,66,6.9,5,0,1,4,Needs Improvement
ECE,Male,Tier2,Self,5.52,257,79,7,97,9.3,72,7.6,1,0,4,1,Placement Ready
CSE,Male,Tier1,Self,9.54,418,62,1,43,2.2,83,4.5,1,1,5,5,Placement Ready
EEE,Female,Tier2,Mixed,7.28,355,42,6,94,5.0,90,7.2,6,0,3,3,Placement Ready
IT,Male,Tier3,Self,7.23,61,91,7,83,8.3,90,5.4,7,1,5,3,Placement Ready
MECH,Female,Tier2,Mixed,7.18,394,72,1,85,9.0,54,7.8,1,1,2,5,Placement Ready
IT,Male,Tier2,Self,5.8,514,78,4,94,5.7,64,6.7,9,1,5,2,Placement Ready
MECH,Female,Tier2,Coaching,8.24,543,65,3,71,6.1,96,4.6,4,0,1,3,Placement Ready
ECE,Female,Tier2,Self,8.65,417,39,2,65,7.0,52,6.6,5,1,3,2,Placement Ready
MECH,Male,Tier3,Coaching,8.41,469,35,7,75,9.7,68,6.0,2,0,3,3,Placement Ready
EEE,Female,Tier3,Coaching,6.1,220,86,1,96,6.4,77,4.9,8,0,1,0,Needs Improvement
CSE,Male,Tier3,Coaching,7.99,183,30,6,92,6.0,52,8.2,2,0,5,0,Placement Ready
MECH,Male,Tier3,Coaching,7.95,476,87,3,48,1.1,87,4.1,3,0,1,5,Placement Ready
MECH,Male,Tier2,Self,9.23,74,50,0,70,1.7,53,5.6,9,0,4,3,Needs Improvement
CSE,Female,Tier2,Mixed,7.13,579,85,6,70,6.2,73,4.1,2,0,1,1,Placement Ready
EEE,Female,Tier2,Coaching,7.1,239,49,4,42,9.4,80,4.5,6,0,5,2,Needs Improvement
IT,Male,Tier2,Self,8.16,190,83,5,60,8.8,94,5.5,4,0,1,3,Placement Ready
MECH,Male,Tier3,Coaching,8.22,364,54,7,70,9.8,94,4.3,7,1,2,5,Placement Ready
CSE,Female,Tier1,Self,7.52,493,57,0,82,5.8,60,7.0,6,1,1,2,Needs Improvement
ECE,Male,Tier3,Self,7.41,368,34,1,62,8.1,86,4.4,9,1,1,4,Needs Improvement
CSE,Male,Tier2,Self,7.62,490,50,7,96,8.6,50,7.5,9,0,5,5,Placement Ready
ECE,Female,Tier2,Mixed,9.2,141,47,1,85,6.8,58,4.3,4,0,4,3,Placement Ready
EEE,Male,Tier2,Self,7.48,228,76,0,76,4.0,66,4.3,1,1,4,1,Placement Ready
IT,Female,Tier3,Self,9.54,105,99,1,63,5.2,50,5.5,2,0,5,4,Placement Ready
CSE,Male,Tier2,Mixed,7.67,204,86,6,44,8.7,52,8.5,8,1,5,5,Placement Ready
MECH,Female,Tier2,Mixed,9.58,160,48,3,73,3.7,96,7.2,8,0,5,3,Placement Ready
EEE,Male,Tier1,Self,9.08,186,94,1,35,9.3,75,7.9,2,1,2,0,Placement Ready
CSE,Male,Tier2,Mixed,7.06,281,32,4,73,3.1,80,4.7,4,0,3,3,Needs Improvement
MECH,Female,Tier1,Coaching,9.21,517,71,3,55,7.7,75,8.2,1,0,1,0,Placement Ready
CSE,Male,Tier3,Coaching,5.97,530,50,6,99,6.7,72,4.0,7,1,5,0,Placement Ready
ECE,Female,Tier2,Mixed,9.48,117,69,7,49,7.7,79,5.1,4,0,5,5,Placement Ready
CSE,Male,Tier2,Mixed,8.22,298,96,2,38,4.9,59,7.1,8,0,5,3,Placement Ready
CSE,Female,Tier1,Self,5.73,372,54,7,94,9.4,57,5.9,9,0,4,3,Placement Ready
CSE,Female,Tier1,Mixed,8.27,567,84,1,95,6.7,93,8.9,9,1,5,0,Placement Ready
EEE,Female,Tier3,Self,9.69,481,81,1,54,3.6,74,4.2,3,0,1,2,Placement Ready
CSE,Female,Tier1,Coaching,5.8,536,73,4,44,6.7,71,9.0,5,0,5,4,Needs Improvement
MECH,Male,Tier1,Mixed,7.89,478,85,6,68,3.6,64,7.1,6,0,1,1,Placement Ready
ECE,Male,Tier1,Self,8.72,318,84,4,82,3.6,90,6.8,6,0,2,3,Placement Ready
ECE,Female,Tier3,Self,8.98,586,99,5,67,4.6,59,4.3,8,1,3,4,Placement Ready
CSE,Female,Tier3,Coaching,7.28,197,95,6,95,8.7,69,5.4,6,0,4,4,Placement Ready
EEE,Female,Tier2,Mixed,6.38,167,48,0,44,5.5,90,8.6,6,0,1,2,At Risk
EEE,Male,Tier2,Coaching,5.68,416,36,0,88,7.1,96,5.8,4,0,2,4,Needs Improvement
MECH,Male,Tier2,Self,7.99,115,92,0,99,4.5,72,7.3,7,0,3,3,Placement Ready
CSE,Male,Tier3,Self,7.45,419,71,4,35,3.4,50,9.0,8,0,3,5,Needs Improvement
ECE,Male,Tier2,Mixed,9.58,224,71,0,39,9.6,51,5.3,3,0,3,5,Needs Improvement
EEE,Female,Tier1,Self,5.76,544,88,6,49,6.4,68,6.9,7,0,1,4,Needs Improvement
CSE,Female,Tier1,Mixed,8.45,163,49,0,62,9.4,63,7.5,3,1,2,3,Needs Improvement
EEE,Female,Tier1,Coaching,5.61,160,46,2,57,2.8,57,4.8,8,0,5,3,Needs Improvement
EEE,Male,Tier2,Mixed,6.24,488,56,0,51,2.3,87,4.7,1,1,2,0,Needs Improvement
ECE,Male,Tier3,Mixed,7.45,196,76,1,47,8.7,61,6.3,1,0,2,2,Needs Improvement
IT,Male,Tier2,Self,7.46,84,31,5,48,7.1,75,5.9,6,0,2,1,Needs Improvement
MECH,Female,Tier1,Self,8.45,358,92,4,45,2.7,76,7.6,9,0,1,0,Needs Improvement
MECH,Female,Tier1,Mixed,9.41,587,91,3,62,3.4,78,4.3,4,0,1,1,Placement Ready
ECE,Male,Tier3,Self,8.25,63,48,5,76,8.2,64,8.9,6,1,1,3,Needs Improvement
EEE,Female,Tier2,Self,9.6,423,46,2,95,5.1,95,4.1,5,1,2,5,Placement Ready
CSE,Male,Tier3,Self,9.29,477,98,4,98,7.0,50,7.0,1,1,1,0,Placement Ready
EEE,Male,Tier2,Mixed,8.01,282,68,6,65,3.9,92,6.8,6,1,3,4,Placement Ready
ECE,Female,Tier2,Self,9.09,489,68,7,44,4.4,77,4.7,9,0,1,4,Placement Ready
MECH,Male,Tier1,Mixed,8.26,551,65,4,42,9.9,52,4.8,3,0,4,1,Placement Ready
EEE,Female,Tier1,Self,5.84,324,69,1,55,3.2,67,8.0,3,1,1,3,Needs Improvement
MECH,Male,Tier2,Coaching,8.68,125,74,6,93,5.6,83,8.4,2,1,1,5,Placement Ready
CSE,Female,Tier3,Self,5.91,488,33,5,84,8.6,81,5.4,4,0,1,1,Needs Improvement
MECH,Female,Tier2,Self,8.05,338,54,5,64,3.2,78,6.2,3,0,1,5,Placement Ready
MECH,Female,Tier2,Mixed,8.52,589,98,0,51,4.7,74,5.8,2,0,4,2,Placement Ready
IT,Male,Tier1,Mixed,5.79,302,59,6,54,6.5,75,4.4,1,1,5,5,Placement Ready
IT,Male,Tier3,Self,6.49,175,97,7,82,5.3,88,7.4,3,0,1,4,Placement Ready
IT,Female,Tier3,Coaching,9.44,226,58,1,36,5.1,57,8.1,6,0,3,0,Needs Improvement
MECH,Female,Tier2,Self,8.15,86,97,0,71,4.3,68,5.5,9,0,4,0,Needs Improvement
ECE,Male,Tier3,Self,6.56,459,80,0,35,6.3,96,9.0,5,1,5,0,Needs Improvement
MECH,Male,Tier2,Coaching,8.47,176,53,7,38,6.6,91,4.4,3,0,1,5,Needs Improvement
ECE,Male,Tier2,Mixed,8.07,532,43,4,88,6.9,71,7.3,5,1,5,4,Placement Ready
ECE,Female,Tier3,Self,7.66,217,98,5,59,1.6,78,6.2,5,0,3,5,Placement Ready
IT,Male,Tier3,Mixed,9.7,343,47,0,37,6.7,82,6.2,5,1,4,3,Needs Improvement
EEE,Male,Tier2,Mixed,8.44,392,71,2,43,9.6,87,6.3,7,1,4,4,Placement Ready
CSE,Female,Tier1,Coaching,7.11,359,86,2,68,5.9,94,5.3,5,0,5,4,Placement Ready
IT,Male,Tier2,Coaching,8.94,577,41,5,77,7.4,95,7.6,7,0,1,5,Placement Ready
IT,Male,Tier3,Mixed,9.3,589,46,2,56,6.0,84,7.6,9,0,2,5,Needs Improvement
EEE,Male,Tier1,Self,6.04,468,59,7,36,8.7,92,5.4,5,0,4,0,Needs Improvement
CSE,Female,Tier2,Mixed,6.36,493,52,4,66,9.4,52,8.2,2,1,2,4,Placement Ready
MECH,Female,Tier2,Self,6.43,285,30,1,50,2.7,68,5.6,5,0,4,0,Needs Improvement
MECH,Female,Tier2,Self,8.47,488,61,3,35,4.9,59,7.6,8,0,1,3,Needs Improvement
IT,Female,Tier2,Coaching,8.09,263,38,0,82,4.5,76,4.6,4,0,1,2,Needs Improvement
CSE,Female,Tier3,Self,8.16,134,44,3,84,4.6,64,4.8,2,0,4,0,Placement Ready
IT,Female,Tier1,Self,9.55,134,57,1,47,2.1,60,5.6,3,1,5,5,Placement Ready
ECE,Female,Tier1,Mixed,8.84,538,53,1,49,8.3,96,7.0,9,0,1,1,Needs Improvement
IT,Male,Tier1,Coaching,6.05,114,89,7,87,1.3,75,7.2,9,1,1,2,Placement Ready
IT,Male,Tier3,Self,6.99,113,64,4,78,5.8,73,6.0,8,1,3,3,Needs Improvement
MECH,Female,Tier2,Self,7.37,392,56,2,42,7.0,62,4.4,8,0,1,5,Needs Improvement
MECH,Male,Tier2,Coaching,7.2,401,49,2,80,2.9,81,5.9,8,0,3,2,Needs Improvement
MECH,Male,Tier3,Mixed,8.38,207,94,7,53,9.2,86,7.4,8,1,1,5,Placement Ready
ECE,Female,Tier3,Coaching,9.34,540,78,1,72,8.5,53,7.4,8,0,1,0,Placement Ready
MECH,Male,Tier3,Coaching,6.82,512,30,4,45,5.2,62,4.8,1,0,5,5,Needs Improvement
CSE,Male,Tier3,Self,7.87,274,39,4,77,4.7,58,4.0,6,0,5,3,Placement Ready
EEE,Male,Tier2,Self,8.89,362,76,5,54,3.1,98,7.8,9,0,1,1,Placement Ready
CSE,Male,Tier3,Mixed,7.29,515,88,6,54,7.6,83,4.5,8,1,4,0,Placement Ready
CSE,Male,Tier2,Self,6.22,137,91,0,55,2.2,86,4.4,3,0,4,0,Needs Improvement
MECH,Female,Tier3,Self,7.54,352,47,7,91,7.1,97,4.0,1,0,1,3,Placement Ready
EEE,Female,Tier3,Coaching,5.74,484,75,6,84,8.6,56,6.2,2,1,4,3,Placement Ready
EEE,Female,Tier3,Self,9.55,184,61,7,60,3.1,50,6.5,2,1,1,2,Placement Ready
EEE,Male,Tier2,Mixed,5.82,99,56,2,64,8.8,61,7.2,7,0,5,1,Needs Improvement
ECE,Female,Tier1,Coaching,7.39,481,47,1,65,1.3,70,5.5,6,1,2,5,Needs Improvement
MECH,Male,Tier2,Mixed,7.78,389,68,7,76,9.2,60,7.6,2,0,3,2,Placement Ready
EEE,Male,Tier3,Coaching,9.74,396,78,7,95,2.1,93,4.8,8,1,4,5,Placement Ready
ECE,Male,Tier3,Self,6.21,396,73,5,95,6.8,93,8.2,9,0,4,5,Placement Ready
IT,Male,Tier1,Coaching,5.99,294,83,3,51,3.3,93,6.9,7,0,5,5,Needs Improvement
IT,Female,Tier1,Coaching,5.54,158,63,2,53,8.5,63,6.9,4,1,4,2,Needs Improvement
ECE,Female,Tier1,Self,6.17,582,65,0,85,5.6,83,5.0,1,0,1,0,Needs Improvement
ECE,Male,Tier3,Self,6.39,139,47,4,97,2.2,83,4.4,4,1,1,3,Needs Improvement
MECH,Female,Tier3,Mixed,8.21,345,67,1,64,6.1,74,6.3,4,0,2,0,Needs Improvement
MECH,Male,Tier1,Mixed,6.44,161,88,2,59,4.7,53,7.1,8,1,2,1,Needs Improvement
IT,Female,Tier2,Self,5.59,226,38,3,60,7.0,75,4.5,4,1,2,2,Needs Improvement
EEE,Female,Tier3,Self,9.05,392,80,7,90,8.9,65,8.8,4,0,1,1,Placement Ready
IT,Male,Tier3,Self,7.07,150,64,0,56,4.7,59,8.9,2,1,2,3,Needs Improvement
EEE,Female,Tier2,Coaching,7.02,450,34,7,53,3.6,94,6.7,7,0,2,3,Needs Improvement
EEE,Male,Tier2,Coaching,6.8,77,43,0,65,1.1,51,8.8,4,1,1,4,Needs Improvement
MECH,Female,Tier2,Coaching,9.69,586,59,5,60,6.2,84,4.9,6,0,5,1,Placement Ready
CSE,Male,Tier2,Self,6.23,107,33,7,76,4.6,68,4.1,3,1,4,0,Placement Ready
CSE,Male,Tier2,Mixed,9.36,547,68,2,75,4.4,55,4.2,7,0,3,1,Placement Ready
ECE,Female,Tier2,Self,8.84,346,93,3,57,2.6,68,6.9,6,0,1,2,Placement Ready
MECH,Female,Tier3,Coaching,5.83,183,54,0,81,4.9,57,4.3,3,0,1,3,Needs Improvement
EEE,Male,Tier2,Coaching,9.74,380,57,1,47,9.9,63,8.8,4,0,3,3,Placement Ready
CSE,Female,Tier3,Self,6.67,298,95,0,50,3.7,59,4.7,5,1,3,1,Needs Improvement
EEE,Female,Tier1,Self,5.92,599,51,3,62,6.4,52,5.5,9,1,2,1,Needs Improvement
CSE,Male,Tier2,Coaching,9.07,124,60,4,69,8.0,87,8.1,6,1,3,5,Placement Ready
CSE,Male,Tier1,Coaching,8.54,217,52,4,75,7.7,78,5.1,4,0,4,1,Placement Ready
CSE,Female,Tier1,Coaching,8.15,552,77,5,65,4.0,64,5.2,7,0,4,5,Placement Ready
MECH,Male,Tier3,Self,6.17,404,49,2,66,6.5,72,7.2,2,0,4,2,Needs Improvement
IT,Male,Tier3,Coaching,7.56,274,67,3,88,8.8,72,5.4,4,1,4,2,Placement Ready
EEE,Male,Tier1,Coaching,8.86,580,84,5,93,1.1,67,5.1,5,1,4,0,Placement Ready
MECH,Female,Tier2,Mixed,6.81,195,97,6,75,4.9,95,5.3,4,0,2,1,Placement Ready
MECH,Female,Tier3,Self,6.84,290,30,0,88,3.0,68,6.5,4,0,1,0,Needs Improvement
MECH,Male,Tier1,Mixed,5.51,393,36,6,74,4.5,77,8.8,9,0,3,4,Needs Improvement
MECH,Female,Tier2,Mixed,6.25,84,86,0,62,4.7,75,8.2,2,1,1,2,Needs Improvement
MECH,Male,Tier3,Coaching,9.26,50,41,4,71,7.7,59,5.4,6,1,3,3,Placement Ready
ECE,Female,Tier2,Self,7.4,202,34,5,99,1.8,96,5.8,8,1,2,5,Needs Improvement
EEE,Male,Tier1,Coaching,9.73,478,79,4,89,5.6,53,6.3,8,0,2,4,Placement Ready
MECH,Male,Tier2,Self,7.2,557,71,1,38,6.1,51,8.9,7,1,5,3,Needs Improvement
EEE,Female,Tier3,Mixed,8.58,175,41,6,44,5.4,52,4.9,4,1,5,4,Placement Ready
ECE,Male,Tier2,Self,6.71,540,47,6,81,7.6,56,5.8,7,0,2,0,Placement Ready
ECE,Female,Tier1,Coaching,7.06,531,95,4,48,4.5,65,7.6,6,0,2,0,Placement Ready
EEE,Female,Tier3,Coaching,6.32,394,46,1,72,9.5,80,8.8,6,0,3,5,Needs Improvement
CSE,Male,Tier1,Coaching,6.99,270,97,0,46,5.3,59,4.8,2,0,2,2,Needs Improvement
IT,Male,Tier3,Self,7.85,74,91,5,79,6.1,68,5.1,8,1,1,5,Placement Ready
CSE,Female,Tier1,Mixed,9.76,577,70,1,51,8.4,77,5.1,8,0,3,3,Placement Ready
CSE,Male,Tier3,Mixed,8.36,231,63,5,69,3.5,66,4.1,7,1,2,4,Placement Ready
CSE,Male,Tier2,Self,6.36,548,99,6,75,1.7,77,7.0,9,0,3,5,Placement Ready
MECH,Male,Tier2,Coaching,5.69,91,74,5,63,7.4,68,7.4,8,0,3,1,Needs Improvement
ECE,Male,Tier1,Mixed,6.04,530,87,6,52,5.3,86,7.0,9,0,4,1,Placement Ready
CSE,Male,Tier2,Coaching,7.92,488,80,1,54,9.1,72,4.4,9,0,5,2,Needs Improvement
ECE,Female,Tier3,Self,8.79,451,63,6,48,9.8,69,4.3,6,0,3,5,Placement Ready
EEE,Female,Tier3,Coaching,9.54,595,73,7,68,4.6,62,5.1,2,0,3,3,Placement Ready
IT,Male,Tier2,Mixed,5.57,394,44,2,83,4.7,62,5.5,7,0,4,1,Needs Improvement
EEE,Male,Tier2,Mixed,7.75,94,99,6,88,4.7,92,7.9,3,0,2,2,Placement Ready
EEE,Male,Tier3,Coaching,7.52,70,79,4,65,3.9,60,4.8,7,0,3,5,Needs Improvement
MECH,Female,Tier3,Self,8.32,119,61,1,92,8.0,97,4.2,9,0,4,2,Needs Improvement
IT,Male,Tier2,Coaching,7.91,97,96,7,76,7.8,64,6.0,2,0,1,3,Placement Ready
EEE,Female,Tier2,Self,8.45,540,32,0,92,5.3,66,6.1,6,1,4,1,Placement Ready
EEE,Female,Tier2,Coaching,8.33,336,80,5,64,1.4,99,6.3,6,0,5,1,Placement Ready
IT,Female,Tier2,Mixed,6.0,59,96,7,59,3.8,77,8.1,9,1,5,1,Placement Ready
IT,Male,Tier1,Self,8.94,591,77,3,97,3.6,68,4.5,9,0,2,0,Placement Ready
EEE,Female,Tier2,Self,6.03,323,46,7,53,8.3,53,7.5,5,1,2,1,Needs Improvement
IT,Male,Tier2,Self,8.5,430,36,1,42,1.8,71,5.7,5,0,5,4,Needs Improvement
EEE,Female,Tier3,Mixed,7.29,378,42,7,37,8.3,71,5.5,9,1,5,0,Placement Ready
EEE,Male,Tier1,Coaching,7.71,528,95,7,51,7.0,86,8.7,8,0,3,5,Placement Ready
MECH,Female,Tier2,Mixed,9.38,64,33,4,48,7.6,88,5.2,7,1,5,0,Needs Improvement
CSE,Male,Tier2,Self,9.33,565,39,6,43,4.9,83,7.2,8,0,2,0,Placement Ready
EEE,Female,Tier2,Coaching,9.02,240,46,5,96,7.1,82,5.4,6,0,5,0,Placement Ready
ECE,Male,Tier1,Mixed,7.69,217,81,2,55,6.5,93,6.5,3,1,2,2,Placement Ready
CSE,Male,Tier2,Self,8.67,570,35,0,71,7.9,91,7.9,7,0,1,4,Needs Improvement
CSE,Male,Tier2,Self,7.71,186,98,2,45,5.0,89,8.4,8,0,5,3,Needs Improvement
CSE,Male,Tier2,Mixed,9.24,203,38,7,54,5.3,82,8.2,8,0,2,1,Needs Improvement
MECH,Female,Tier2,Mixed,7.23,437,50,3,69,6.8,61,6.9,1,1,4,0,Placement Ready
EEE,Female,Tier2,Mixed,9.67,258,53,1,87,2.0,51,5.2,7,1,3,3,Placement Ready
MECH,Male,Tier3,Self,9.51,321,33,5,81,4.9,77,7.3,3,0,2,2,Placement Ready
EEE,Female,Tier2,Mixed,8.69,192,53,1,86,9.7,59,7.5,2,1,5,3,Placement Ready
MECH,Male,Tier3,Self,6.7,118,88,4,42,1.3,71,4.1,2,0,5,0,Placement Ready
MECH,Male,Tier2,Mixed,6.07,296,32,1,38,3.8,66,6.2,8,0,1,5,At Risk
ECE,Female,Tier1,Self,9.18,310,97,0,61,3.8,75,8.2,9,1,4,4,Placement Ready
MECH,Male,Tier1,Self,6.21,128,69,3,78,6.7,52,6.4,3,1,2,3,Needs Improvement
IT,Male,Tier2,Coaching,9.17,574,77,2,74,2.0,56,5.6,3,1,4,0,Placement Ready
ECE,Female,Tier3,Mixed,7.61,379,83,7,81,6.7,93,8.4,6,0,1,0,Placement Ready
MECH,Male,Tier3,Mixed,7.25,238,64,7,78,1.9,57,4.8,1,0,3,1,Placement Ready
CSE,Male,Tier3,Self,9.38,144,85,3,82,1.9,69,5.0,6,0,4,5,Placement Ready
IT,Male,Tier2,Self,8.1,57,69,5,86,7.6,61,7.4,3,0,1,1,Placement Ready
IT,Male,Tier2,Self,7.98,116,97,1,45,3.9,84,5.8,4,0,2,5,Needs Improvement
IT,Female,Tier1,Coaching,7.9,545,75,5,38,9.8,66,7.6,9,1,3,4,Placement Ready
ECE,Female,Tier2,Coaching,7.1,240,42,2,82,1.3,77,4.8,3,1,5,1,Placement Ready
MECH,Female,Tier2,Self,8.88,415,56,5,60,5.0,90,5.3,1,0,1,4,Placement Ready
MECH,Male,Tier1,Mixed,6.59,570,35,4,73,2.0,59,4.8,3,0,5,2,Placement Ready
CSE,Male,Tier1,Mixed,9.54,166,46,3,92,4.2,71,8.8,7,1,3,2,Placement Ready
CSE,Female,Tier2,Coaching,9.34,316,65,2,53,10.0,87,6.0,7,0,1,5,Needs Improvement
IT,Male,Tier3,Coaching,6.95,534,31,2,92,9.0,82,5.7,5,1,1,5,Needs Improvement
CSE,Male,Tier3,Self,8.64,558,81,6,62,1.4,71,4.1,1,0,3,1,Placement Ready
ECE,Male,Tier3,Mixed,7.96,347,95,2,44,6.1,93,4.8,8,0,2,2,Needs Improvement
MECH,Male,Tier2,Self,6.95,213,81,6,92,6.8,86,6.1,8,1,1,3,Placement Ready
IT,Female,Tier2,Coaching,9.75,425,72,0,48,2.9,62,4.3,2,0,3,3,Placement Ready
CSE,Female,Tier2,Mixed,5.61,317,51,7,49,2.3,76,6.6,3,0,4,3,Needs Improvement
ECE,Female,Tier3,Mixed,6.59,598,84,6,67,9.1,64,6.3,4,0,5,2,Placement Ready
ECE,Male,Tier1,Coaching,7.74,123,96,3,51,9.7,71,7.8,1,1,1,3,Placement Ready
CSE,Female,Tier2,Self,7.74,557,89,5,58,9.9,79,7.3,4,1,4,4,Placement Ready
MECH,Female,Tier3,Self,8.03,122,87,6,64,8.1,92,6.2,5,0,1,0,Placement Ready
CSE,Male,Tier2,Mixed,8.73,357,41,2,96,7.0,89,5.1,3,0,2,5,Placement Ready
IT,Male,Tier2,Coaching,8.18,248,98,3,47,4.1,86,7.6,2,1,3,1,Placement Ready
CSE,Female,Tier2,Mixed,8.08,179,68,6,96,2.5,83,7.5,6,0,1,4,Placement Ready
ECE,Female,Tier1,Coaching,5.73,536,42,6,81,1.7,93,4.8,8,1,3,3,Placement Ready
CSE,Female,Tier2,Self,7.12,200,70,2,50,7.2,83,8.6,7,0,1,0,Needs Improvement
MECH,Female,Tier2,Coaching,6.5,255,86,4,77,8.1,97,4.3,1,0,2,1,Placement Ready
EEE,Male,Tier1,Self,6.64,228,82,4,42,8.4,84,4.3,4,1,2,4,Needs Improvement
CSE,Female,Tier1,Coaching,7.88,246,41,6,37,9.2,91,4.9,3,0,4,1,Needs Improvement
MECH,Female,Tier3,Mixed,6.36,138,42,4,46,8.9,68,8.5,6,1,2,5,Needs Improvement
MECH,Male,Tier2,Self,6.76,483,86,1,50,10.0,57,6.6,9,0,3,2,Needs Improvement
ECE,Female,Tier2,Mixed,6.52,232,69,2,93,3.2,88,7.9,9,0,2,3,Needs Improvement
MECH,Male,Tier2,Mixed,9.58,258,74,1,83,7.9,82,5.1,7,1,1,4,Placement Ready
MECH,Male,Tier3,Self,9.56,542,64,3,97,6.3,93,6.5,9,0,2,4,Placement Ready
MECH,Male,Tier2,Self,8.12,179,32,1,96,3.4,77,5.8,8,1,3,0,Needs Improvement
MECH,Female,Tier2,Mixed,9.48,62,34,3,83,9.8,86,8.1,5,0,1,0,Needs Improvement
IT,Female,Tier3,Mixed,8.88,155,40,6,85,9.1,97,4.1,9,1,4,0,Placement Ready
IT,Male,Tier3,Mixed,8.04,424,85,3,67,2.2,74,5.2,7,1,4,1,Placement Ready
ECE,Female,Tier1,Mixed,5.53,148,39,3,64,1.2,85,4.8,5,0,4,3,Needs Improvement
CSE,Female,Tier3,Self,8.82,241,63,5,93,7.2,66,8.3,8,1,1,1,Placement Ready
MECH,Male,Tier2,Self,8.52,374,96,1,49,6.4,73,6.3,7,1,4,3,Placement Ready
CSE,Male,Tier2,Mixed,8.15,516,60,5,57,9.4,70,6.0,9,0,2,4,Needs Improvement
CSE,Female,Tier1,Coaching,8.77,416,95,6,79,3.1,51,6.2,1,0,1,1,Placement Ready
ECE,Male,Tier1,Coaching,7.71,367,99,2,96,1.8,80,8.9,9,0,1,1,Placement Ready
MECH,Female,Tier3,Self,8.53,193,70,1,49,3.3,93,8.3,7,0,1,1,Needs Improvement
MECH,Female,Tier2,Mixed,9.52,433,92,2,80,1.2,82,7.5,1,0,5,2,Placement Ready
EEE,Female,Tier2,Mixed,7.12,265,61,2,98,1.3,79,5.5,1,0,3,5,Placement Ready
CSE,Female,Tier3,Self,8.54,410,49,3,80,9.2,61,4.8,5,0,5,3,Placement Ready
CSE,Male,Tier3,Coaching,7.55,373,86,7,90,4.2,93,8.6,8,1,5,3,Placement Ready
IT,Male,Tier1,Coaching,8.4,64,79,1,78,4.7,61,6.1,9,0,5,1,Needs Improvement
EEE,Male,Tier2,Coaching,8.78,266,54,2,63,1.2,98,5.4,6,1,3,2,Placement Ready
IT,Male,Tier1,Self,5.7,541,41,7,96,3.4,73,6.4,8,0,5,1,Placement Ready
IT,Female,Tier3,Coaching,8.28,596,68,4,86,8.2,73,8.6,6,0,4,3,Placement Ready
IT,Female,Tier2,Self,6.47,232,46,2,88,6.5,60,5.9,6,1,1,5,Needs Improvement
ECE,Male,Tier3,Self,8.38,319,74,4,91,7.8,62,6.8,4,0,1,5,Placement Ready
ECE,Female,Tier1,Mixed,7.51,516,40,1,56,5.0,76,8.0,5,0,2,4,Needs Improvement
IT,Female,Tier1,Coaching,8.83,568,99,6,54,3.8,57,6.1,2,0,4,2,Placement Ready
EEE,Female,Tier2,Self,6.03,591,52,5,67,5.3,59,5.2,3,0,3,5,Placement Ready
CSE,Male,Tier2,Coaching,8.19,516,99,1,59,3.9,57,9.0,3,0,1,2,Placement Ready
EEE,Male,Tier1,Coaching,6.7,354,67,5,80,8.6,69,8.8,5,1,5,1,Placement Ready
MECH,Male,Tier3,Mixed,9.17,193,31,5,91,3.7,57,8.2,5,0,2,4,Placement Ready
ECE,Female,Tier1,Coaching,9.49,160,66,1,39,6.9,58,7.4,6,1,2,3,Needs Improvement
CSE,Male,Tier2,Mixed,9.78,281,78,2,89,2.2,56,5.5,5,1,1,5,Placement Ready
CSE,Male,Tier3,Self,8.92,549,81,0,95,7.2,63,8.6,6,0,4,5,Placement Ready
MECH,Male,Tier2,Coaching,8.74,322,62,2,42,9.2,77,5.4,8,0,2,0,Needs Improvement
MECH,Male,Tier3,Self,6.43,222,51,2,50,6.5,51,8.0,2,1,1,3,Needs Improvement
IT,Male,Tier1,Coaching,6.94,56,34,6,82,6.0,92,8.6,4,1,4,5,Placement Ready
ECE,Male,Tier2,Self,7.5,204,47,3,95,9.7,57,7.0,6,0,1,5,Needs Improvement
ECE,Female,Tier1,Coaching,8.83,571,67,3,49,6.6,62,8.0,5,0,1,3,Placement Ready
EEE,Female,Tier1,Coaching,9.43,595,66,2,99,3.3,70,8.0,1,0,4,4,Placement Ready
IT,Male,Tier3,Coaching,6.31,597,93,4,56,3.6,96,5.0,9,0,4,2,Placement Ready
IT,Male,Tier1,Coaching,9.47,567,39,6,37,7.3,77,7.3,3,0,4,3,Placement Ready
IT,Female,Tier2,Coaching,8.49,264,71,5,88,7.6,84,4.5,2,1,1,2,Placement Ready
IT,Female,Tier2,Coaching,8.13,183,77,7,48,3.7,72,6.5,9,0,2,4,Needs Improvement
ECE,Male,Tier2,Coaching,6.36,334,73,3,70,4.1,95,4.8,7,1,3,4,Needs Improvement
ECE,Male,Tier3,Coaching,5.74,175,45,2,44,9.9,64,6.1,5,1,3,1,Needs Improvement
IT,Male,Tier1,Coaching,7.94,488,83,6,83,1.9,51,8.2,6,0,1,0,Placement Ready
EEE,Male,Tier2,Self,8.3,201,64,0,99,4.6,61,8.9,4,0,1,4,Needs Improvement
CSE,Female,Tier3,Mixed,6.41,380,57,4,91,1.6,85,5.6,1,1,2,4,Placement Ready
CSE,Male,Tier2,Coaching,7.89,587,31,1,61,8.4,52,6.7,4,1,4,2,Needs Improvement
EEE,Male,Tier3,Mixed,9.18,432,42,2,39,1.8,54,6.6,9,1,1,4,Needs Improvement
IT,Male,Tier1,Coaching,9.09,164,70,6,91,7.1,52,8.8,1,0,5,3,Placement Ready
ECE,Male,Tier2,Coaching,9.49,531,88,2,49,1.5,96,6.4,3,0,4,1,Placement Ready
CSE,Female,Tier2,Self,7.07,333,98,7,64,7.1,68,7.5,5,0,1,1,Placement Ready
MECH,Female,Tier3,Self,6.87,124,82,5,54,8.6,51,8.6,7,0,5,3,Needs Improvement
MECH,Female,Tier3,Mixed,8.72,215,74,4,71,4.6,93,5.9,9,1,2,5,Placement Ready
EEE,Male,Tier2,Self,7.35,238,49,3,37,5.7,86,8.5,6,0,5,4,Needs Improvement
IT,Male,Tier2,Self,5.88,127,53,3,75,4.6,66,8.6,3,1,1,0,Needs Improvement
CSE,Female,Tier1,Mixed,6.72,70,90,3,73,3.7,63,8.7,7,0,3,4,Needs Improvement
IT,Male,Tier2,Self,7.3,233,87,7,60,8.2,77,5.4,4,1,1,1,Placement Ready
CSE,Male,Tier2,Coaching,6.76,271,56,1,36,3.4,76,6.0,3,1,3,0,Needs Improvement
EEE,Female,Tier3,Mixed,6.93,377,55,6,57,7.5,59,8.4,7,0,2,5,Needs Improvement
EEE,Female,Tier2,Mixed,6.76,228,36,4,57,2.9,52,5.8,7,1,2,2,Needs Improvement
MECH,Female,Tier2,Coaching,5.68,161,71,4,50,3.2,85,7.0,4,0,4,2,Needs Improvement
IT,Female,Tier1,Self,8.24,108,76,3,43,4.0,87,4.6,7,0,4,4,Needs Improvement
MECH,Male,Tier1,Mixed,8.07,376,82,3,47,6.3,74,4.3,2,1,3,4,Placement Ready
IT,Male,Tier1,Mixed,8.31,240,88,5,62,5.1,71,6.1,1,1,3,0,Placement Ready
MECH,Female,Tier2,Coaching,6.33,249,67,7,61,7.7,97,6.9,2,0,2,0,Placement Ready
ECE,Male,Tier3,Coaching,6.77,361,98,0,85,2.9,88,6.0,4,0,5,5,Placement Ready
ECE,Female,Tier2,Self,8.16,84,82,0,98,1.1,96,6.9,8,1,3,4,Placement Ready
ECE,Female,Tier2,Mixed,8.08,428,44,2,86,8.0,79,6.6,3,1,3,1,Placement Ready
ECE,Male,Tier1,Self,7.68,436,55,2,72,8.4,70,7.4,6,0,5,2,Placement Ready
CSE,Female,Tier3,Self,7.01,286,77,4,99,1.5,79,7.2,6,1,4,5,Placement Ready
ECE,Male,Tier3,Coaching,9.43,568,48,4,52,6.5,77,6.1,9,0,4,0,Placement Ready
EEE,Male,Tier1,Mixed,6.96,332,38,1,97,4.4,80,6.1,9,0,3,1,Needs Improvement
EEE,Male,Tier3,Mixed,7.46,50,93,1,85,8.1,75,4.7,4,0,4,4,Placement Ready
CSE,Male,Tier2,Mixed,8.42,513,83,0,43,8.9,92,6.6,9,0,4,3,Needs Improvement
ECE,Female,Tier1,Coaching,7.83,279,80,7,47,8.7,71,6.9,6,1,4,0,Placement Ready
ECE,Male,Tier2,Coaching,6.99,221,68,2,74,8.0,70,6.4,2,0,2,5,Needs Improvement
ECE,Female,Tier2,Coaching,7.37,136,33,0,89,3.4,50,5.6,6,1,1,3,Needs Improvement
MECH,Female,Tier1,Coaching,8.92,172,32,7,77,8.3,86,7.6,2,0,3,1,Placement Ready
IT,Female,Tier3,Coaching,6.7,347,93,0,78,5.8,62,4.4,8,1,3,2,Needs Improvement
MECH,Female,Tier3,Mixed,6.11,533,58,2,67,1.5,70,8.6,4,1,2,1,Needs Improvement
IT,Male,Tier2,Self,6.85,214,40,6,58,5.1,95,4.1,5,1,1,2,Needs Improvement
ECE,Male,Tier2,Mixed,9.15,432,87,1,70,9.5,58,8.8,8,1,1,1,Placement Ready
ECE,Female,Tier2,Self,5.88,258,56,5,44,9.0,66,6.3,8,0,2,0,Needs Improvement
MECH,Female,Tier2,Coaching,9.76,481,50,5,54,1.9,96,6.1,6,1,5,0,Placement Ready
MECH,Male,Tier2,Self,7.83,438,68,5,46,7.7,70,5.3,4,1,5,5,Placement Ready
IT,Female,Tier1,Mixed,9.73,273,75,2,96,8.3,80,4.1,1,0,1,3,Placement Ready
EEE,Male,Tier2,Mixed,9.54,52,95,3,52,3.4,88,5.4,7,1,5,1,Placement Ready
IT,Female,Tier3,Self,7.45,421,65,3,97,5.2,71,4.5,8,0,5,1,Placement Ready
MECH,Male,Tier2,Coaching,6.35,495,94,3,59,7.4,61,7.3,9,0,5,3,Placement Ready
MECH,Female,Tier1,Coaching,6.21,165,92,4,46,5.0,55,5.6,2,1,1,4,Needs Improvement
CSE,Female,Tier3,Mixed,6.53,319,64,1,55,2.0,65,7.8,1,0,5,5,Needs Improvement
MECH,Male,Tier1,Self,8.55,496,60,1,59,7.4,75,5.0,4,1,3,1,Placement Ready
CSE,Female,Tier2,Coaching,6.67,417,57,6,45,9.2,54,8.5,5,0,1,5,Needs Improvement
EEE,Female,Tier1,Coaching,6.97,302,30,6,98,6.9,58,6.6,1,0,2,1,Placement Ready
IT,Male,Tier2,Mixed,7.43,366,54,4,84,8.0,95,4.6,5,0,5,1,Placement Ready
IT,Female,Tier3,Coaching,9.43,464,72,0,96,4.2,89,6.0,6,0,4,4,Placement Ready
CSE,Male,Tier2,Self,6.31,144,96,7,83,2.6,63,5.0,3,1,1,0,Placement Ready
IT,Male,Tier1,Mixed,5.52,73,92,6,48,6.8,93,5.0,7,0,2,5,Needs Improvement
MECH,Female,Tier3,Mixed,5.76,99,80,5,35,3.9,91,6.5,6,0,3,3,Needs Improvement
ECE,Female,Tier3,Self,9.39,551,31,3,59,8.7,79,7.4,4,0,2,5,Placement Ready
CSE,Female,Tier3,Mixed,8.28,547,93,5,93,2.1,75,8.6,3,0,5,4,Placement Ready
IT,Female,Tier1,Coaching,6.67,384,98,3,39,4.9,94,6.5,5,1,4,2,Placement Ready
CSE,Female,Tier2,Coaching,6.26,128,38,5,53,4.6,78,8.8,3,0,5,2,Needs Improvement
CSE,Female,Tier3,Self,6.77,76,31,0,57,9.4,68,8.7,9,1,2,4,At Risk
ECE,Female,Tier3,Coaching,5.99,320,63,7,43,2.4,96,8.3,9,1,1,4,Needs Improvement
MECH,Male,Tier1,Self,9.55,296,89,5,84,1.1,57,6.5,6,1,4,0,Placement Ready
CSE,Female,Tier1,Self,8.87,436,90,5,50,3.1,72,4.7,6,1,4,5,Placement Ready
IT,Male,Tier2,Coaching,7.49,410,60,2,67,8.4,91,5.1,4,0,2,5,Needs Improvement
EEE,Female,Tier3,Self,9.22,537,39,7,36,2.9,84,7.2,4,0,5,2,Placement Ready
CSE,Female,Tier2,Coaching,6.57,401,65,5,48,3.2,80,6.1,2,1,2,3,Placement Ready
CSE,Male,Tier2,Mixed,8.58,305,78,2,35,2.2,84,4.7,4,1,4,5,Placement Ready
ECE,Female,Tier1,Mixed,9.18,271,99,1,92,7.4,81,6.4,8,1,2,1,Placement Ready
MECH,Female,Tier2,Self,7.03,50,78,7,50,1.6,54,4.1,2,1,4,1,Placement Ready
EEE,Male,Tier3,Coaching,8.76,595,32,4,81,4.0,65,7.7,9,0,5,0,Placement Ready
IT,Female,Tier2,Coaching,6.77,495,34,7,78,3.5,66,4.4,1,0,1,0,Placement Ready
EEE,Female,Tier3,Mixed,6.79,128,90,7,48,6.0,81,7.1,2,1,1,2,Placement Ready
IT,Female,Tier3,Mixed,5.96,285,55,5,58,7.6,87,8.0,2,1,2,3,Needs Improvement
MECH,Male,Tier1,Coaching,7.39,383,34,1,89,5.8,81,4.7,6,0,4,3,Needs Improvement
IT,Female,Tier2,Self,8.64,398,44,7,49,9.4,69,6.6,7,1,1,4,Placement Ready
ECE,Female,Tier2,Mixed,9.54,147,45,6,68,9.6,97,7.9,3,0,4,0,Placement Ready
ECE,Female,Tier3,Self,8.1,131,30,6,36,4.3,51,5.3,9,0,5,5,Needs Improvement
ECE,Female,Tier2,Self,9.21,551,45,2,61,8.0,69,4.8,5,1,2,1,Placement Ready
ECE,Male,Tier2,Mixed,9.04,526,66,5,57,7.6,96,5.7,5,1,4,5,Placement Ready
EEE,Male,Tier3,Self,6.25,599,32,5,48,9.0,67,6.8,4,0,2,1,Needs Improvement
MECH,Female,Tier2,Self,7.59,63,81,7,97,5.0,50,6.9,9,0,4,2,Placement Ready
IT,Female,Tier3,Coaching,6.0,441,76,0,99,5.8,78,4.7,8,0,4,1,Needs Improvement
IT,Male,Tier2,Self,8.43,396,42,1,97,4.7,78,6.3,4,1,5,5,Placement Ready
ECE,Male,Tier1,Coaching,9.58,359,84,3,98,8.7,68,5.3,4,0,2,5,Placement Ready
ECE,Female,Tier2,Mixed,6.09,435,50,3,66,3.1,93,8.2,2,1,3,3,Needs Improvement
CSE,Male,Tier3,Mixed,8.66,258,95,0,47,3.2,89,5.6,9,1,4,3,Placement Ready
MECH,Female,Tier2,Coaching,8.22,406,83,2,53,4.4,55,8.2,3,1,4,0,Placement Ready
EEE,Male,Tier3,Mixed,8.01,143,56,3,58,3.1,93,6.1,4,0,1,5,Needs Improvement
IT,Male,Tier3,Self,7.18,142,67,7,45,6.0,88,7.6,7,1,2,2,Needs Improvement
CSE,Male,Tier2,Self,7.03,389,87,3,93,2.2,99,6.6,8,0,3,1,Placement Ready
CSE,Male,Tier3,Self,5.69,494,91,6,49,3.9,95,7.1,8,0,5,0,Placement Ready
IT,Female,Tier1,Mixed,6.44,71,75,6,44,9.2,57,6.0,4,0,3,4,Needs Improvement
EEE,Male,Tier1,Self,5.57,340,40,4,75,4.7,73,7.8,7,0,5,4,Needs Improvement
CSE,Male,Tier1,Mixed,8.0,534,37,1,61,7.7,69,6.1,1,1,3,1,Placement Ready
CSE,Female,Tier3,Self,5.96,355,93,2,94,2.0,63,6.3,6,0,3,1,Placement Ready
MECH,Male,Tier2,Coaching,9.25,177,50,5,86,3.2,54,6.6,6,0,2,1,Placement Ready
EEE,Male,Tier1,Mixed,7.75,322,92,1,62,8.3,90,8.2,6,1,1,3,Needs Improvement
CSE,Female,Tier2,Mixed,8.51,491,93,2,99,7.9,89,7.3,2,0,3,1,Placement Ready
EEE,Male,Tier2,Self,7.27,552,49,3,51,4.5,83,5.7,8,1,4,4,Needs Improvement
IT,Female,Tier1,Mixed,7.91,179,37,4,78,9.6,65,7.4,5,0,4,1,Needs Improvement
ECE,Female,Tier3,Mixed,9.55,181,87,1,44,9.2,94,7.2,5,0,4,5,Placement Ready
CSE,Female,Tier3,Coaching,5.86,531,75,3,97,9.7,56,8.7,2,1,1,2,Placement Ready
MECH,Female,Tier2,Coaching,6.59,439,60,2,81,4.9,65,8.2,4,0,3,4,Needs Improvement
IT,Male,Tier3,Self,8.85,374,38,1,72,2.8,56,7.2,9,0,5,2,Needs Improvement
EEE,Female,Tier2,Coaching,5.92,118,44,5,87,6.6,76,5.7,9,0,5,4,Needs Improvement
IT,Male,Tier3,Self,5.83,497,55,1,78,7.2,63,7.9,6,0,2,0,Needs Improvement
CSE,Male,Tier2,Self,7.05,577,39,3,88,2.1,63,6.9,9,0,1,5,Needs Improvement
EEE,Male,Tier2,Self,5.9,214,58,7,54,8.1,93,8.9,4,0,3,4,Needs Improvement
ECE,Male,Tier1,Mixed,8.02,537,65,7,65,1.2,82,5.2,1,0,4,5,Placement Ready
IT,Male,Tier3,Coaching,6.47,475,66,1,41,5.3,82,4.4,2,1,1,4,Needs Improvement
CSE,Male,Tier2,Self,9.35,314,52,5,92,4.0,93,4.3,1,0,1,2,Placement Ready
MECH,Male,Tier1,Coaching,8.87,391,70,4,44,7.7,69,7.2,8,0,3,2,Placement Ready
EEE,Male,Tier1,Self,8.51,327,57,4,44,3.8,96,8.7,9,0,2,4,Needs Improvement
IT,Male,Tier2,Coaching,8.15,488,77,7,73,8.4,85,4.0,6,1,2,4,Placement Ready
IT,Male,Tier2,Coaching,9.21,206,67,3,62,6.4,56,7.6,2,1,2,3,Placement Ready
ECE,Female,Tier3,Self,6.46,471,60,2,64,8.1,81,7.3,6,1,4,5,Needs Improvement
ECE,Female,Tier3,Mixed,9.25,300,43,3,71,9.9,97,7.7,9,1,4,5,Placement Ready
MECH,Female,Tier1,Coaching,8.89,579,58,4,77,7.1,52,5.8,3,0,3,5,Placement Ready
MECH,Male,Tier3,Mixed,8.72,376,80,0,86,9.9,88,8.1,9,0,2,5,Needs Improvement
CSE,Female,Tier1,Mixed,7.91,146,78,0,90,1.3,78,4.2,2,1,3,0,Placement Ready
CSE,Female,Tier3,Self,6.56,562,72,1,43,4.0,73,7.8,5,1,2,0,Needs Improvement
MECH,Female,Tier3,Self,7.32,265,34,5,57,2.0,71,5.3,2,0,1,1,Needs Improvement
MECH,Male,Tier2,Self,8.91,181,71,7,97,3.4,55,6.4,7,0,5,4,Placement Ready
EEE,Male,Tier3,Coaching,5.64,309,36,6,95,8.5,97,8.1,9,1,5,4,Placement Ready
ECE,Male,Tier2,Self,8.86,174,71,6,74,1.3,73,5.4,7,1,2,4,Placement Ready
CSE,Male,Tier2,Self,6.53,131,65,6,78,5.7,89,4.9,5,0,3,4,Needs Improvement
ECE,Female,Tier3,Coaching,6.12,332,56,1,58,6.1,72,7.4,4,1,4,5,Needs Improvement
ECE,Female,Tier2,Coaching,6.0,108,87,0,85,6.1,87,6.7,4,0,2,5,Needs Improvement
MECH,Female,Tier2,Self,5.62,593,75,4,92,5.3,59,6.6,8,0,2,0,Needs Improvement
EEE,Female,Tier2,Self,7.75,210,95,1,67,8.1,65,5.3,1,0,4,2,Placement Ready
IT,Male,Tier3,Self,6.44,333,54,6,50,2.2,60,4.2,5,0,2,3,Needs Improvement
EEE,Male,Tier2,Self,9.75,155,56,6,56,3.8,81,6.1,2,0,1,5,Placement Ready
EEE,Male,Tier1,Mixed,7.97,154,30,7,91,6.5,94,4.5,9,1,4,5,Placement Ready
ECE,Female,Tier3,Mixed,6.09,488,71,3,96,7.2,55,8.5,7,0,1,5,Needs Improvement
EEE,Male,Tier3,Self,8.46,277,81,6,64,4.6,73,4.2,8,0,5,2,Placement Ready
CSE,Male,Tier1,Mixed,9.36,367,54,5,57,8.9,82,6.2,6,0,4,2,Placement Ready
ECE,Female,Tier1,Coaching,8.7,513,83,6,66,4.7,61,4.3,9,0,4,0,Placement Ready
CSE,Female,Tier1,Mixed,5.83,521,96,3,91,4.6,76,4.5,6,1,3,5,Placement Ready
IT,Male,Tier2,Mixed,9.35,105,35,6,43,1.3,87,7.3,7,1,3,3,Needs Improvement
ECE,Male,Tier2,Self,8.91,62,87,5,65,6.0,67,7.2,7,1,4,4,Placement Ready
IT,Male,Tier3,Mixed,6.18,489,99,4,43,7.4,94,4.2,9,1,5,5,Placement Ready
ECE,Male,Tier2,Mixed,5.72,67,82,1,47,2.0,88,4.0,8,0,2,0,At Risk
MECH,Male,Tier2,Mixed,7.9,162,95,5,92,3.7,62,4.4,1,0,3,0,Placement Ready
EEE,Male,Tier2,Mixed,6.17,278,87,3,37,8.0,89,7.8,4,1,5,3,Placement Ready
MECH,Female,Tier3,Coaching,9.09,220,31,1,69,4.3,79,6.9,7,1,5,1,Needs Improvement
IT,Female,Tier2,Self,7.04,344,51,1,55,3.2,98,4.2,8,1,3,0,Needs Improvement
EEE,Female,Tier3,Self,9.43,238,66,3,98,7.0,90,6.4,7,1,2,2,Placement Ready
ECE,Male,Tier2,Coaching,7.93,475,49,7,86,2.8,62,7.6,3,1,3,2,Placement Ready
EEE,Female,Tier1,Mixed,6.29,128,53,0,68,9.1,83,8.3,4,0,5,4,Needs Improvement
CSE,Male,Tier2,Coaching,6.1,231,94,6,69,2.0,85,8.7,7,0,1,0,Needs Improvement
EEE,Male,Tier2,Mixed,7.98,548,94,5,49,7.4,79,5.6,8,1,3,4,Placement Ready
CSE,Female,Tier2,Coaching,8.78,120,30,3,40,5.5,74,4.7,7,1,5,0,Needs Improvement
EEE,Male,Tier1,Self,8.86,297,32,4,66,8.8,51,5.2,6,0,3,3,Needs Improvement
CSE,Male,Tier1,Self,6.69,195,75,2,86,2.1,85,7.9,9,0,5,5,Needs Improvement
IT,Female,Tier3,Self,6.38,345,84,3,62,7.1,67,8.9,9,0,2,0,Needs Improvement
MECH,Female,Tier1,Mixed,5.57,519,93,6,98,6.1,54,6.3,7,0,5,1,Placement Ready
ECE,Female,Tier3,Mixed,8.42,555,74,6,53,5.3,68,5.5,8,1,4,2,Placement Ready
EEE,Male,Tier2,Coaching,5.83,242,55,1,49,5.4,91,6.1,6,0,1,3,At Risk
MECH,Female,Tier2,Coaching,7.31,117,94,1,40,7.5,67,5.5,1,0,5,5,Needs Improvement
ECE,Female,Tier2,Self,8.09,543,53,3,72,9.4,81,5.3,1,0,3,5,Placement Ready
ECE,Male,Tier2,Mixed,9.53,101,64,2,60,1.8,70,7.0,6,1,3,2,Placement Ready
CSE,Female,Tier2,Coaching,6.84,412,53,7,85,1.2,59,4.1,2,0,5,5,Placement Ready
IT,Female,Tier1,Mixed,6.57,523,57,3,87,8.3,86,5.3,8,0,4,4,Needs Improvement
IT,Female,Tier1,Mixed,8.31,570,45,2,90,2.0,98,7.3,1,0,5,3,Placement Ready
MECH,Male,Tier2,Self,8.16,480,88,7,93,9.9,71,4.2,2,0,2,1,Placement Ready
IT,Male,Tier2,Self,6.93,347,83,2,92,6.6,62,4.4,8,0,4,2,Placement Ready
EEE,Male,Tier3,Mixed,9.49,484,45,6,47,6.9,66,5.5,6,0,5,0,Placement Ready
IT,Male,Tier3,Mixed,9.13,247,44,6,77,2.8,58,8.4,2,1,1,0,Placement Ready
MECH,Female,Tier3,Mixed,6.46,177,40,6,85,3.2,73,7.8,2,0,4,0,Placement Ready
IT,Male,Tier3,Mixed,6.53,581,94,4,53,6.9,93,4.1,7,0,5,3,Placement Ready
EEE,Male,Tier2,Self,7.7,460,97,6,55,9.2,63,6.5,5,1,1,1,Placement Ready
CSE,Female,Tier2,Coaching,8.83,114,72,5,58,9.8,95,5.4,5,0,5,5,Placement Ready
MECH,Female,Tier3,Self,5.69,290,98,1,60,2.8,57,7.2,8,1,2,1,Needs Improvement
CSE,Female,Tier2,Coaching,8.48,418,42,1,79,2.2,86,7.6,7,0,3,1,Needs Improvement
CSE,Male,Tier2,Mixed,8.29,585,39,2,62,1.5,68,8.3,9,0,5,2,Needs Improvement
CSE,Male,Tier1,Coaching,6.5,433,70,1,63,8.8,77,6.4,4,1,4,3,Needs Improvement
ECE,Male,Tier2,Self,8.43,480,79,0,51,3.7,95,9.0,4,1,5,0,Placement Ready
ECE,Female,Tier2,Self,9.54,132,88,7,78,1.0,90,8.9,2,0,5,2,Placement Ready
CSE,Female,Tier3,Mixed,5.7,335,68,2,95,3.0,79,8.4,3,0,5,5,Placement Ready
MECH,Male,Tier2,Self,6.87,583,32,1,59,4.1,56,6.9,1,0,5,1,Needs Improvement
EEE,Female,Tier2,Mixed,7.38,508,36,0,36,9.9,75,6.0,1,1,4,0,Needs Improvement
EEE,Female,Tier3,Self,9.37,261,78,7,83,5.7,89,5.8,7,1,4,3,Placement Ready
IT,Female,Tier1,Self,9.64,175,55,4,60,2.8,95,4.1,5,0,5,4,Placement Ready
MECH,Male,Tier2,Mixed,7.41,462,62,1,61,4.0,95,5.2,3,0,3,1,Needs Improvement
ECE,Female,Tier1,Coaching,8.73,548,77,0,52,4.0,60,7.6,7,0,5,1,Placement Ready
CSE,Female,Tier3,Self,7.79,474,31,3,88,1.2,63,7.0,2,0,4,1,Placement Ready
IT,Male,Tier3,Coaching,7.81,592,61,5,35,2.2,70,8.6,3,0,2,1,Placement Ready
EEE,Male,Tier2,Self,6.7,207,33,3,95,7.3,57,4.3,1,0,5,0,Placement Ready
ECE,Female,Tier3,Self,6.43,161,49,0,37,2.1,52,4.8,8,1,5,3,Needs Improvement
ECE,Female,Tier2,Self,6.74,451,65,2,75,3.1,77,7.9,2,1,5,2,Placement Ready
CSE,Male,Tier3,Self,7.89,171,61,6,71,4.2,78,5.8,7,1,5,0,Placement Ready
EEE,Male,Tier3,Coaching,5.63,322,57,6,85,7.8,72,4.6,9,0,1,3,Needs Improvement
MECH,Female,Tier3,Coaching,9.4,343,30,6,49,6.2,67,9.0,6,0,5,2,Placement Ready
ECE,Female,Tier1,Self,6.17,447,89,7,42,7.2,84,7.9,2,1,4,1,Placement Ready
CSE,Female,Tier3,Self,6.45,520,85,2,72,6.1,62,6.0,2,0,4,3,Placement Ready
MECH,Female,Tier3,Coaching,7.73,256,64,7,90,7.2,61,8.1,9,1,1,1,Placement Ready
EEE,Male,Tier2,Mixed,8.55,159,59,1,81,1.0,96,7.4,8,0,5,3,Needs Improvement
ECE,Female,Tier3,Mixed,5.91,489,83,6,44,9.4,99,7.9,9,0,3,5,Needs Improvement
MECH,Female,Tier2,Coaching,6.87,327,65,3,83,2.0,54,8.1,4,0,5,4,Placement Ready
MECH,Male,Tier3,Self,9.67,531,84,2,75,4.7,88,4.4,4,0,4,1,Placement Ready
MECH,Female,Tier1,Self,6.63,163,87,2,64,7.9,60,7.1,2,1,2,1,Needs Improvement
ECE,Male,Tier3,Mixed,6.85,526,94,6,39,4.9,60,4.0,1,0,2,1,Placement Ready
ECE,Female,Tier2,Mixed,9.1,370,98,3,65,9.5,96,4.2,4,0,3,5,Placement Ready
IT,Female,Tier1,Coaching,5.72,228,80,4,86,5.2,91,8.5,8,0,5,0,Needs Improvement
EEE,Male,Tier1,Mixed,7.5,268,51,2,57,8.9,96,6.6,2,1,1,2,Needs Improvement
CSE,Male,Tier1,Coaching,7.13,577,82,6,82,8.3,80,7.7,8,0,5,1,Placement Ready
MECH,Female,Tier2,Mixed,6.86,541,65,5,74,9.8,80,8.2,1,0,3,1,Placement Ready
IT,Female,Tier2,Mixed,6.73,110,97,0,40,9.3,62,8.7,1,0,3,0,Needs Improvement
CSE,Female,Tier2,Mixed,5.89,103,65,7,72,9.1,63,8.3,4,0,3,0,Needs Improvement
IT,Male,Tier2,Self,6.85,587,81,1,75,7.6,98,6.4,7,0,2,4,Needs Improvement
ECE,Female,Tier2,Self,5.69,114,82,2,61,4.3,94,5.7,9,1,5,3,Needs Improvement
MECH,Male,Tier3,Self,8.86,220,79,5,91,2.0,91,4.8,5,0,5,1,Placement Ready
CSE,Male,Tier1,Mixed,7.21,322,70,5,51,7.2,74,6.0,2,0,1,3,Needs Improvement
CSE,Female,Tier3,Coaching,7.41,584,47,2,81,9.8,82,5.8,7,1,3,0,Placement Ready
CSE,Male,Tier3,Coaching,9.34,440,51,4,47,7.5,82,6.8,2,0,3,0,Placement Ready
CSE,Female,Tier2,Coaching,8.33,376,95,0,45,9.4,64,7.3,9,0,4,4,Needs Improvement
CSE,Female,Tier2,Coaching,5.53,157,50,1,58,8.2,65,8.9,9,0,4,2,At Risk
IT,Female,Tier3,Self,9.56,211,73,2,38,2.5,93,7.6,3,0,2,5,Needs Improvement
MECH,Female,Tier1,Self,6.52,501,76,7,80,3.2,87,7.2,8,1,5,5,Placement Ready
ECE,Female,Tier1,Mixed,5.96,255,68,1,52,4.1,55,5.7,4,1,1,5,Needs Improvement
ECE,Male,Tier1,Mixed,8.8,65,58,3,77,2.5,93,4.2,3,1,1,0,Placement Ready
ECE,Male,Tier3,Coaching,7.65,376,83,5,67,6.2,74,5.4,1,1,3,1,Placement Ready
ECE,Female,Tier1,Self,7.37,51,46,5,44,9.8,64,7.8,5,0,1,4,Needs Improvement
IT,Female,Tier2,Coaching,6.57,59,89,2,93,7.9,53,5.0,4,0,3,2,Needs Improvement
EEE,Male,Tier3,Mixed,7.85,483,60,2,65,4.8,53,7.6,1,0,5,5,Placement Ready
MECH,Male,Tier3,Mixed,6.68,174,78,7,62,1.0,79,6.9,8,0,1,4,Needs Improvement
CSE,Male,Tier2,Coaching,9.38,130,31,3,94,3.8,83,4.9,8,1,3,0,Placement Ready
EEE,Male,Tier1,Mixed,6.43,534,77,4,37,5.7,76,5.3,8,1,5,5,Placement Ready
ECE,Female,Tier3,Coaching,9.3,199,43,2,89,3.9,80,6.5,3,0,5,2,Placement Ready
EEE,Female,Tier2,Self,7.91,389,88,5,48,2.0,81,6.1,6,0,3,3,Placement Ready
MECH,Male,Tier1,Coaching,9.06,178,87,1,92,5.0,93,7.9,7,0,3,2,Placement Ready
CSE,Female,Tier1,Self,8.57,487,87,0,49,3.3,88,7.7,9,0,2,1,Needs Improvement
CSE,Male,Tier3,Self,8.5,550,80,6,36,9.2,58,6.9,5,0,5,5,Placement Ready
MECH,Female,Tier2,Mixed,6.89,107,31,1,58,1.9,90,8.1,9,0,3,5,At Risk
MECH,Male,Tier3,Mixed,6.51,247,70,4,98,1.4,57,6.8,6,1,5,3,Placement Ready
ECE,Female,Tier3,Mixed,6.41,260,45,0,58,1.0,63,8.8,4,1,1,3,Needs Improvement
CSE,Male,Tier2,Coaching,9.19,94,33,1,61,4.0,82,5.1,1,0,4,5,Needs Improvement
EEE,Male,Tier2,Coaching,9.03,146,41,1,71,6.9,72,7.6,1,0,4,1,Needs Improvement
IT,Female,Tier2,Mixed,7.39,328,58,3,73,7.6,70,5.8,5,0,3,3,Needs Improvement
IT,Male,Tier2,Coaching,6.07,584,36,6,97,5.1,61,5.4,3,1,3,0,Placement Ready
MECH,Female,Tier2,Mixed,7.14,459,43,7,60,7.2,51,4.9,5,1,5,5,Placement Ready
ECE,Female,Tier3,Coaching,8.16,510,41,4,99,4.2,62,6.8,5,1,3,2,Placement Ready
IT,Male,Tier2,Self,7.45,440,34,5,38,7.0,53,5.1,1,0,5,2,Placement Ready
CSE,Female,Tier3,Self,8.85,93,61,3,63,1.4,69,5.0,8,1,3,1,Needs Improvement
MECH,Female,Tier2,Mixed,9.79,76,72,0,35,4.5,99,9.0,5,0,5,0,Needs Improvement
EEE,Female,Tier2,Coaching,6.32,146,98,6,84,8.1,97,8.0,5,0,3,3,Placement Ready
MECH,Female,Tier2,Coaching,7.48,597,74,5,45,8.2,63,7.7,9,0,2,5,Needs Improvement
EEE,Female,Tier2,Self,7.35,268,38,3,93,7.4,79,8.0,8,0,5,2,Needs Improvement
MECH,Male,Tier3,Self,6.81,234,78,6,96,2.8,78,8.8,1,1,2,2,Placement Ready
MECH,Female,Tier1,Mixed,6.35,118,62,7,70,3.2,57,6.9,3,0,2,2,Needs Improvement
MECH,Female,Tier2,Self,5.78,179,47,4,90,10.0,61,5.1,7,0,2,2,Needs Improvement
EEE,Female,Tier1,Mixed,9.31,383,38,2,55,1.9,90,8.3,1,0,2,4,Needs Improvement
EEE,Female,Tier2,Self,7.31,203,91,7,47,2.6,87,7.7,1,0,1,1,Placement Ready
MECH,Female,Tier2,Self,7.64,596,86,2,43,2.2,75,6.1,5,0,4,3,Placement Ready
IT,Male,Tier2,Coaching,9.44,128,58,0,45,3.9,99,6.4,9,0,1,5,Needs Improvement
ECE,Female,Tier3,Self,8.84,462,54,2,35,2.9,51,6.1,6,0,3,5,Needs Improvement
ECE,Male,Tier2,Self,6.06,595,44,3,90,5.5,89,8.6,2,0,3,5,Placement Ready
ECE,Male,Tier3,Mixed,7.93,218,35,0,65,5.3,63,5.7,9,1,4,3,Needs Improvement
EEE,Male,Tier2,Self,7.4,564,71,5,71,9.1,55,8.8,6,0,4,1,Placement Ready
EEE,Male,Tier2,Mixed,8.93,363,58,7,81,1.3,91,8.6,5,0,4,0,Placement Ready
IT,Female,Tier1,Self,8.61,81,33,7,81,3.9,89,7.2,5,0,2,1,Placement Ready
ECE,Male,Tier2,Self,8.47,336,86,4,92,6.4,80,6.9,3,1,1,2,Placement Ready
ECE,Male,Tier2,Mixed,6.96,92,78,0,70,6.4,66,5.9,6,1,3,2,Needs Improvement
MECH,Female,Tier2,Coaching,8.96,50,73,5,66,5.3,74,4.1,4,0,1,1,Placement Ready
EEE,Female,Tier1,Mixed,5.73,319,43,7,98,8.3,81,4.6,2,0,1,1,Placement Ready
ECE,Female,Tier1,Mixed,6.19,229,32,0,76,1.6,61,7.8,3,1,1,3,Needs Improvement
IT,Male,Tier2,Mixed,6.94,567,91,1,82,8.3,98,6.4,9,1,4,3,Placement Ready
IT,Female,Tier3,Coaching,5.83,152,93,1,64,5.5,62,4.7,9,1,4,4,Needs Improvement
ECE,Female,Tier2,Self,6.51,59,74,0,55,2.2,68,5.3,6,1,3,5,Needs Improvement
EEE,Male,Tier2,Mixed,9.07,139,87,7,94,9.0,93,8.7,9,1,3,4,Placement Ready
IT,Female,Tier1,Mixed,9.58,275,49,6,47,6.8,97,5.8,4,0,3,5,Placement Ready
MECH,Female,Tier2,Coaching,6.81,175,87,2,35,2.5,74,8.5,5,0,1,2,Needs Improvement
IT,Female,Tier2,Mixed,6.64,258,86,1,99,1.3,80,5.5,6,1,4,4,Placement Ready
CSE,Female,Tier1,Self,6.7,146,97,6,67,2.3,86,6.7,9,1,2,4,Placement Ready
CSE,Male,Tier2,Coaching,6.69,123,81,6,72,6.5,74,4.1,5,0,1,0,Needs Improvement
EEE,Female,Tier1,Self,5.65,240,66,4,59,2.6,65,6.6,8,1,5,1,Needs Improvement
ECE,Female,Tier1,Self,9.49,105,37,5,60,3.0,87,7.2,1,0,1,3,Placement Ready
